"circuit","structure_id","inspection_date","clip","frame","image_file","source_path","uis_start_frame","uis_end_frame","uis_confidence","qc_status","qc_notes","approved_for_demo","future_s3_key","future_media_id","source_identity","source_manifest","source_row"
"7L63","7L63-514","2025-11-03","A019_C002_1103NP","43365","7L63-514_A019_C002_1103NP_F043365.jpg","D:\ATCO Demo\ATCO_POC_STRUCTURE_EXPORTS\7L63\7L63-514\7L63-514_A019_C002_1103NP_F043365.jpg","43365","45066","HIGH","POC_SELECTED","Selected for ATCO 7L63 POC; uploaded to S3","true","asset-mapping-poc/demo-utility/ATCO/7L63/2025-11-03/7L63-514/7L63-514_A019_C002_1103NP_F043365.jpg","ATCO-7L63-514-A019_C002_1103NP-F043365","7L63-514|A019_C002_1103NP|43365|7L63-514_A019_C002_1103NP_F043365.jpg","POC_Image_Manifest_A019_C002_1103NP.csv","2"
"7L63","7L63-514","2025-11-03","A019_C002_1103NP","43428","7L63-514_A019_C002_1103NP_F043428.jpg","D:\ATCO Demo\ATCO_POC_STRUCTURE_EXPORTS\7L63\7L63-514\7L63-514_A019_C002_1103NP_F043428.jpg","43365","45066","HIGH","POC_SELECTED","Selected for ATCO 7L63 POC; uploaded to S3","true","asset-mapping-poc/demo-utility/ATCO/7L63/2025-11-03/7L63-514/7L63-514_A019_C002_1103NP_F043428.jpg","ATCO-7L63-514-A019_C002_1103NP-F043428","7L63-514|A019_C002_1103NP|43428|7L63-514_A019_C002_1103NP_F043428.jpg","POC_Image_Manifest_A019_C002_1103NP.csv","3"
"7L63","7L63-514","2025-11-03","A019_C002_1103NP","43460","7L63-514_A019_C002_1103NP_F043460.jpg","D:\ATCO Demo\ATCO_POC_STRUCTURE_EXPORTS\7L63\7L63-514\7L63-514_A019_C002_1103NP_F043460.jpg","43365","45066","HIGH","POC_SELECTED","Selected for ATCO 7L63 POC; uploaded to S3","true","asset-mapping-poc/demo-utility/ATCO/7L63/2025-11-03/7L63-514/7L63-514_A019_C002_1103NP_F043460.jpg","ATCO-7L63-514-A019_C002_1103NP-F043460","7L63-514|A019_C002_1103NP|43460|7L63-514_A019_C002_1103NP_F043460.jpg","POC_Image_Manifest_A019_C002_1103NP.csv","4"
"7L63","7L63-514","2025-11-03","A019_C002_1103NP","43564","7L63-514_A019_C002_1103NP_F043564.jpg","D:\ATCO Demo\ATCO_POC_STRUCTURE_EXPORTS\7L63\7L63-514\7L63-514_A019_C002_1103NP_F043564.jpg","43365","45066","HIGH","POC_SELECTED","Selected for ATCO 7L63 POC; uploaded to S3","true","asset-mapping-poc/demo-utility/ATCO/7L63/2025-11-03/7L63-514/7L63-514_A019_C002_1103NP_F043564.jpg","ATCO-7L63-514-A019_C002_1103NP-F043564","7L63-514|A019_C002_1103NP|43564|7L63-514_A019_C002_1103NP_F043564.jpg","POC_Image_Manifest_A019_C002_1103NP.csv","5"
"7L63","7L63-514","2025-11-03","A019_C002_1103NP","43582","7L63-514_A019_C002_1103NP_F043582.jpg","D:\ATCO Demo\ATCO_POC_STRUCTURE_EXPORTS\7L63\7L63-514\7L63-514_A019_C002_1103NP_F043582.jpg","43365","45066","HIGH","POC_SELECTED","Selected for ATCO 7L63 POC; uploaded to S3","true","asset-mapping-poc/demo-utility/ATCO/7L63/2025-11-03/7L63-514/7L63-514_A019_C002_1103NP_F043582.jpg","ATCO-7L63-514-A019_C002_1103NP-F043582","7L63-514|A019_C002_1103NP|43582|7L63-514_A019_C002_1103NP_F043582.jpg","POC_Image_Manifest_A019_C002_1103NP.csv","6"
"7L63","7L63-514","2025-11-03","A019_C002_1103NP","43624","7L63-514_A019_C002_1103NP_F043624.jpg","D:\ATCO Demo\ATCO_POC_STRUCTURE_EXPORTS\7L63\7L63-514\7L63-514_A019_C002_1103NP_F043624.jpg","43365","45066","HIGH","POC_SELECTED","Selected for ATCO 7L63 POC; uploaded to S3","true","asset-mapping-poc/demo-utility/ATCO/7L63/2025-11-03/7L63-514/7L63-514_A019_C002_1103NP_F043624.jpg","ATCO-7L63-514-A019_C002_1103NP-F043624","7L63-514|A019_C002_1103NP|43624|7L63-514_A019_C002_1103NP_F043624.jpg","POC_Image_Manifest_A019_C002_1103NP.csv","7"
"7L63","7L63-514","2025-11-03","A019_C002_1103NP","43655","7L63-514_A019_C002_1103NP_F043655.jpg","D:\ATCO Demo\ATCO_POC_STRUCTURE_EXPORTS\7L63\7L63-514\7L63-514_A019_C002_1103NP_F043655.jpg","43365","45066","HIGH","POC_SELECTED","Selected for ATCO 7L63 POC; uploaded to S3","true","asset-mapping-poc/demo-utility/ATCO/7L63/2025-11-03/7L63-514/7L63-514_A019_C002_1103NP_F043655.jpg","ATCO-7L63-514-A019_C002_1103NP-F043655","7L63-514|A019_C002_1103NP|43655|7L63-514_A019_C002_1103NP_F043655.jpg","POC_Image_Manifest_A019_C002_1103NP.csv","8"
"7L63","7L63-514","2025-11-03","A019_C002_1103NP","43679","7L63-514_A019_C002_1103NP_F043679.jpg","D:\ATCO Demo\ATCO_POC_STRUCTURE_EXPORTS\7L63\7L63-514\7L63-514_A019_C002_1103NP_F043679.jpg","43365","45066","HIGH","POC_SELECTED","Selected for ATCO 7L63 POC; uploaded to S3","true","asset-mapping-poc/demo-utility/ATCO/7L63/2025-11-03/7L63-514/7L63-514_A019_C002_1103NP_F043679.jpg","ATCO-7L63-514-A019_C002_1103NP-F043679","7L63-514|A019_C002_1103NP|43679|7L63-514_A019_C002_1103NP_F043679.jpg","POC_Image_Manifest_A019_C002_1103NP.csv","9"
"7L63","7L63-514","2025-11-03","A019_C002_1103NP","43713","7L63-514_A019_C002_1103NP_F043713.jpg","D:\ATCO Demo\ATCO_POC_STRUCTURE_EXPORTS\7L63\7L63-514\7L63-514_A019_C002_1103NP_F043713.jpg","43365","45066","HIGH","POC_SELECTED","Selected for ATCO 7L63 POC; uploaded to S3","true","asset-mapping-poc/demo-utility/ATCO/7L63/2025-11-03/7L63-514/7L63-514_A019_C002_1103NP_F043713.jpg","ATCO-7L63-514-A019_C002_1103NP-F043713","7L63-514|A019_C002_1103NP|43713|7L63-514_A019_C002_1103NP_F043713.jpg","POC_Image_Manifest_A019_C002_1103NP.csv","10"
"7L63","7L63-514","2025-11-03","A019_C002_1103NP","43752","7L63-514_A019_C002_1103NP_F043752.jpg","D:\ATCO Demo\ATCO_POC_STRUCTURE_EXPORTS\7L63\7L63-514\7L63-514_A019_C002_1103NP_F043752.jpg","43365","45066","HIGH","POC_SELECTED","Selected for ATCO 7L63 POC; uploaded to S3","true","asset-mapping-poc/demo-utility/ATCO/7L63/2025-11-03/7L63-514/7L63-514_A019_C002_1103NP_F043752.jpg","ATCO-7L63-514-A019_C002_1103NP-F043752","7L63-514|A019_C002_1103NP|43752|7L63-514_A019_C002_1103NP_F043752.jpg","POC_Image_Manifest_A019_C002_1103NP.csv","11"
"7L63","7L63-514","2025-11-03","A019_C002_1103NP","43802","7L63-514_A019_C002_1103NP_F043802.jpg","D:\ATCO Demo\ATCO_POC_STRUCTURE_EXPORTS\7L63\7L63-514\7L63-514_A019_C002_1103NP_F043802.jpg","43365","45066","HIGH","POC_SELECTED","Selected for ATCO 7L63 POC; uploaded to S3","true","asset-mapping-poc/demo-utility/ATCO/7L63/2025-11-03/7L63-514/7L63-514_A019_C002_1103NP_F043802.jpg","ATCO-7L63-514-A019_C002_1103NP-F043802","7L63-514|A019_C002_1103NP|43802|7L63-514_A019_C002_1103NP_F043802.jpg","POC_Image_Manifest_A019_C002_1103NP.csv","12"
"7L63","7L63-514","2025-11-03","A019_C002_1103NP","43820","7L63-514_A019_C002_1103NP_F043820.jpg","D:\ATCO Demo\ATCO_POC_STRUCTURE_EXPORTS\7L63\7L63-514\7L63-514_A019_C002_1103NP_F043820.jpg","43365","45066","HIGH","POC_SELECTED","Selected for ATCO 7L63 POC; uploaded to S3","true","asset-mapping-poc/demo-utility/ATCO/7L63/2025-11-03/7L63-514/7L63-514_A019_C002_1103NP_F043820.jpg","ATCO-7L63-514-A019_C002_1103NP-F043820","7L63-514|A019_C002_1103NP|43820|7L63-514_A019_C002_1103NP_F043820.jpg","POC_Image_Manifest_A019_C002_1103NP.csv","13"
"7L63","7L63-514","2025-11-03","A019_C002_1103NP","43861","7L63-514_A019_C002_1103NP_F043861.jpg","D:\ATCO Demo\ATCO_POC_STRUCTURE_EXPORTS\7L63\7L63-514\7L63-514_A019_C002_1103NP_F043861.jpg","43365","45066","HIGH","POC_SELECTED","Selected for ATCO 7L63 POC; uploaded to S3","true","asset-mapping-poc/demo-utility/ATCO/7L63/2025-11-03/7L63-514/7L63-514_A019_C002_1103NP_F043861.jpg","ATCO-7L63-514-A019_C002_1103NP-F043861","7L63-514|A019_C002_1103NP|43861|7L63-514_A019_C002_1103NP_F043861.jpg","POC_Image_Manifest_A019_C002_1103NP.csv","14"
"7L63","7L63-514","2025-11-03","A019_C002_1103NP","43875","7L63-514_A019_C002_1103NP_F043875.jpg","D:\ATCO Demo\ATCO_POC_STRUCTURE_EXPORTS\7L63\7L63-514\7L63-514_A019_C002_1103NP_F043875.jpg","43365","45066","HIGH","POC_SELECTED","Selected for ATCO 7L63 POC; uploaded to S3","true","asset-mapping-poc/demo-utility/ATCO/7L63/2025-11-03/7L63-514/7L63-514_A019_C002_1103NP_F043875.jpg","ATCO-7L63-514-A019_C002_1103NP-F043875","7L63-514|A019_C002_1103NP|43875|7L63-514_A019_C002_1103NP_F043875.jpg","POC_Image_Manifest_A019_C002_1103NP.csv","15"
"7L63","7L63-514","2025-11-03","A019_C002_1103NP","43894","7L63-514_A019_C002_1103NP_F043894.jpg","D:\ATCO Demo\ATCO_POC_STRUCTURE_EXPORTS\7L63\7L63-514\7L63-514_A019_C002_1103NP_F043894.jpg","43365","45066","HIGH","POC_SELECTED","Selected for ATCO 7L63 POC; uploaded to S3","true","asset-mapping-poc/demo-utility/ATCO/7L63/2025-11-03/7L63-514/7L63-514_A019_C002_1103NP_F043894.jpg","ATCO-7L63-514-A019_C002_1103NP-F043894","7L63-514|A019_C002_1103NP|43894|7L63-514_A019_C002_1103NP_F043894.jpg","POC_Image_Manifest_A019_C002_1103NP.csv","16"
"7L63","7L63-514","2025-11-03","A019_C002_1103NP","44360","7L63-514_A019_C002_1103NP_F044360.jpg","D:\ATCO Demo\ATCO_POC_STRUCTURE_EXPORTS\7L63\7L63-514\7L63-514_A019_C002_1103NP_F044360.jpg","43365","45066","HIGH","POC_SELECTED","Selected for ATCO 7L63 POC; uploaded to S3","true","asset-mapping-poc/demo-utility/ATCO/7L63/2025-11-03/7L63-514/7L63-514_A019_C002_1103NP_F044360.jpg","ATCO-7L63-514-A019_C002_1103NP-F044360","7L63-514|A019_C002_1103NP|44360|7L63-514_A019_C002_1103NP_F044360.jpg","POC_Image_Manifest_A019_C002_1103NP.csv","17"
"7L63","7L63-514","2025-11-03","A019_C002_1103NP","44415","7L63-514_A019_C002_1103NP_F044415.jpg","D:\ATCO Demo\ATCO_POC_STRUCTURE_EXPORTS\7L63\7L63-514\7L63-514_A019_C002_1103NP_F044415.jpg","43365","45066","HIGH","POC_SELECTED","Selected for ATCO 7L63 POC; uploaded to S3","true","asset-mapping-poc/demo-utility/ATCO/7L63/2025-11-03/7L63-514/7L63-514_A019_C002_1103NP_F044415.jpg","ATCO-7L63-514-A019_C002_1103NP-F044415","7L63-514|A019_C002_1103NP|44415|7L63-514_A019_C002_1103NP_F044415.jpg","POC_Image_Manifest_A019_C002_1103NP.csv","18"
"7L63","7L63-514","2025-11-03","A019_C002_1103NP","44442","7L63-514_A019_C002_1103NP_F044442.jpg","D:\ATCO Demo\ATCO_POC_STRUCTURE_EXPORTS\7L63\7L63-514\7L63-514_A019_C002_1103NP_F044442.jpg","43365","45066","HIGH","POC_SELECTED","Selected for ATCO 7L63 POC; uploaded to S3","true","asset-mapping-poc/demo-utility/ATCO/7L63/2025-11-03/7L63-514/7L63-514_A019_C002_1103NP_F044442.jpg","ATCO-7L63-514-A019_C002_1103NP-F044442","7L63-514|A019_C002_1103NP|44442|7L63-514_A019_C002_1103NP_F044442.jpg","POC_Image_Manifest_A019_C002_1103NP.csv","19"
"7L63","7L63-514","2025-11-03","A019_C002_1103NP","44488","7L63-514_A019_C002_1103NP_F044488.jpg","D:\ATCO Demo\ATCO_POC_STRUCTURE_EXPORTS\7L63\7L63-514\7L63-514_A019_C002_1103NP_F044488.jpg","43365","45066","HIGH","POC_SELECTED","Selected for ATCO 7L63 POC; uploaded to S3","true","asset-mapping-poc/demo-utility/ATCO/7L63/2025-11-03/7L63-514/7L63-514_A019_C002_1103NP_F044488.jpg","ATCO-7L63-514-A019_C002_1103NP-F044488","7L63-514|A019_C002_1103NP|44488|7L63-514_A019_C002_1103NP_F044488.jpg","POC_Image_Manifest_A019_C002_1103NP.csv","20"
"7L63","7L63-514","2025-11-03","A019_C002_1103NP","44506","7L63-514_A019_C002_1103NP_F044506.jpg","D:\ATCO Demo\ATCO_POC_STRUCTURE_EXPORTS\7L63\7L63-514\7L63-514_A019_C002_1103NP_F044506.jpg","43365","45066","HIGH","POC_SELECTED","Selected for ATCO 7L63 POC; uploaded to S3","true","asset-mapping-poc/demo-utility/ATCO/7L63/2025-11-03/7L63-514/7L63-514_A019_C002_1103NP_F044506.jpg","ATCO-7L63-514-A019_C002_1103NP-F044506","7L63-514|A019_C002_1103NP|44506|7L63-514_A019_C002_1103NP_F044506.jpg","POC_Image_Manifest_A019_C002_1103NP.csv","21"
"7L63","7L63-514","2025-11-03","A019_C002_1103NP","44527","7L63-514_A019_C002_1103NP_F044527.jpg","D:\ATCO Demo\ATCO_POC_STRUCTURE_EXPORTS\7L63\7L63-514\7L63-514_A019_C002_1103NP_F044527.jpg","43365","45066","HIGH","POC_SELECTED","Selected for ATCO 7L63 POC; uploaded to S3","true","asset-mapping-poc/demo-utility/ATCO/7L63/2025-11-03/7L63-514/7L63-514_A019_C002_1103NP_F044527.jpg","ATCO-7L63-514-A019_C002_1103NP-F044527","7L63-514|A019_C002_1103NP|44527|7L63-514_A019_C002_1103NP_F044527.jpg","POC_Image_Manifest_A019_C002_1103NP.csv","22"
"7L63","7L63-514","2025-11-03","A019_C002_1103NP","44571","7L63-514_A019_C002_1103NP_F044571.jpg","D:\ATCO Demo\ATCO_POC_STRUCTURE_EXPORTS\7L63\7L63-514\7L63-514_A019_C002_1103NP_F044571.jpg","43365","45066","HIGH","POC_SELECTED","Selected for ATCO 7L63 POC; uploaded to S3","true","asset-mapping-poc/demo-utility/ATCO/7L63/2025-11-03/7L63-514/7L63-514_A019_C002_1103NP_F044571.jpg","ATCO-7L63-514-A019_C002_1103NP-F044571","7L63-514|A019_C002_1103NP|44571|7L63-514_A019_C002_1103NP_F044571.jpg","POC_Image_Manifest_A019_C002_1103NP.csv","23"
"7L63","7L63-514","2025-11-03","A019_C002_1103NP","44590","7L63-514_A019_C002_1103NP_F044590.jpg","D:\ATCO Demo\ATCO_POC_STRUCTURE_EXPORTS\7L63\7L63-514\7L63-514_A019_C002_1103NP_F044590.jpg","43365","45066","HIGH","POC_SELECTED","Selected for ATCO 7L63 POC; uploaded to S3","true","asset-mapping-poc/demo-utility/ATCO/7L63/2025-11-03/7L63-514/7L63-514_A019_C002_1103NP_F044590.jpg","ATCO-7L63-514-A019_C002_1103NP-F044590","7L63-514|A019_C002_1103NP|44590|7L63-514_A019_C002_1103NP_F044590.jpg","POC_Image_Manifest_A019_C002_1103NP.csv","24"
"7L63","7L63-514","2025-11-03","A019_C002_1103NP","44606","7L63-514_A019_C002_1103NP_F044606.jpg","D:\ATCO Demo\ATCO_POC_STRUCTURE_EXPORTS\7L63\7L63-514\7L63-514_A019_C002_1103NP_F044606.jpg","43365","45066","HIGH","POC_SELECTED","Selected for ATCO 7L63 POC; uploaded to S3","true","asset-mapping-poc/demo-utility/ATCO/7L63/2025-11-03/7L63-514/7L63-514_A019_C002_1103NP_F044606.jpg","ATCO-7L63-514-A019_C002_1103NP-F044606","7L63-514|A019_C002_1103NP|44606|7L63-514_A019_C002_1103NP_F044606.jpg","POC_Image_Manifest_A019_C002_1103NP.csv","25"
"7L63","7L63-514","2025-11-03","A019_C002_1103NP","44630","7L63-514_A019_C002_1103NP_F044630.jpg","D:\ATCO Demo\ATCO_POC_STRUCTURE_EXPORTS\7L63\7L63-514\7L63-514_A019_C002_1103NP_F044630.jpg","43365","45066","HIGH","POC_SELECTED","Selected for ATCO 7L63 POC; uploaded to S3","true","asset-mapping-poc/demo-utility/ATCO/7L63/2025-11-03/7L63-514/7L63-514_A019_C002_1103NP_F044630.jpg","ATCO-7L63-514-A019_C002_1103NP-F044630","7L63-514|A019_C002_1103NP|44630|7L63-514_A019_C002_1103NP_F044630.jpg","POC_Image_Manifest_A019_C002_1103NP.csv","26"
"7L63","7L63-514","2025-11-03","A019_C002_1103NP","44643","7L63-514_A019_C002_1103NP_F044643.jpg","D:\ATCO Demo\ATCO_POC_STRUCTURE_EXPORTS\7L63\7L63-514\7L63-514_A019_C002_1103NP_F044643.jpg","43365","45066","HIGH","POC_SELECTED","Selected for ATCO 7L63 POC; uploaded to S3","true","asset-mapping-poc/demo-utility/ATCO/7L63/2025-11-03/7L63-514/7L63-514_A019_C002_1103NP_F044643.jpg","ATCO-7L63-514-A019_C002_1103NP-F044643","7L63-514|A019_C002_1103NP|44643|7L63-514_A019_C002_1103NP_F044643.jpg","POC_Image_Manifest_A019_C002_1103NP.csv","27"
"7L63","7L63-514","2025-11-03","A019_C002_1103NP","44679","7L63-514_A019_C002_1103NP_F044679.jpg","D:\ATCO Demo\ATCO_POC_STRUCTURE_EXPORTS\7L63\7L63-514\7L63-514_A019_C002_1103NP_F044679.jpg","43365","45066","HIGH","POC_SELECTED","Selected for ATCO 7L63 POC; uploaded to S3","true","asset-mapping-poc/demo-utility/ATCO/7L63/2025-11-03/7L63-514/7L63-514_A019_C002_1103NP_F044679.jpg","ATCO-7L63-514-A019_C002_1103NP-F044679","7L63-514|A019_C002_1103NP|44679|7L63-514_A019_C002_1103NP_F044679.jpg","POC_Image_Manifest_A019_C002_1103NP.csv","28"
"7L63","7L63-514","2025-11-03","A019_C002_1103NP","44734","7L63-514_A019_C002_1103NP_F044734.jpg","D:\ATCO Demo\ATCO_POC_STRUCTURE_EXPORTS\7L63\7L63-514\7L63-514_A019_C002_1103NP_F044734.jpg","43365","45066","HIGH","POC_SELECTED","Selected for ATCO 7L63 POC; uploaded to S3","true","asset-mapping-poc/demo-utility/ATCO/7L63/2025-11-03/7L63-514/7L63-514_A019_C002_1103NP_F044734.jpg","ATCO-7L63-514-A019_C002_1103NP-F044734","7L63-514|A019_C002_1103NP|44734|7L63-514_A019_C002_1103NP_F044734.jpg","POC_Image_Manifest_A019_C002_1103NP.csv","29"
"7L63","7L63-514","2025-11-03","A019_C002_1103NP","44759","7L63-514_A019_C002_1103NP_F044759.jpg","D:\ATCO Demo\ATCO_POC_STRUCTURE_EXPORTS\7L63\7L63-514\7L63-514_A019_C002_1103NP_F044759.jpg","43365","45066","HIGH","POC_SELECTED","Selected for ATCO 7L63 POC; uploaded to S3","true","asset-mapping-poc/demo-utility/ATCO/7L63/2025-11-03/7L63-514/7L63-514_A019_C002_1103NP_F044759.jpg","ATCO-7L63-514-A019_C002_1103NP-F044759","7L63-514|A019_C002_1103NP|44759|7L63-514_A019_C002_1103NP_F044759.jpg","POC_Image_Manifest_A019_C002_1103NP.csv","30"
"7L63","7L63-514","2025-11-03","A019_C002_1103NP","44874","7L63-514_A019_C002_1103NP_F044874.jpg","D:\ATCO Demo\ATCO_POC_STRUCTURE_EXPORTS\7L63\7L63-514\7L63-514_A019_C002_1103NP_F044874.jpg","43365","45066","HIGH","POC_SELECTED","Selected for ATCO 7L63 POC; uploaded to S3","true","asset-mapping-poc/demo-utility/ATCO/7L63/2025-11-03/7L63-514/7L63-514_A019_C002_1103NP_F044874.jpg","ATCO-7L63-514-A019_C002_1103NP-F044874","7L63-514|A019_C002_1103NP|44874|7L63-514_A019_C002_1103NP_F044874.jpg","POC_Image_Manifest_A019_C002_1103NP.csv","31"
"7L63","7L63-514","2025-11-03","A019_C002_1103NP","45065","7L63-514_A019_C002_1103NP_F045065.jpg","D:\ATCO Demo\ATCO_POC_STRUCTURE_EXPORTS\7L63\7L63-514\7L63-514_A019_C002_1103NP_F045065.jpg","43365","45066","HIGH","POC_SELECTED","Selected for ATCO 7L63 POC; uploaded to S3","true","asset-mapping-poc/demo-utility/ATCO/7L63/2025-11-03/7L63-514/7L63-514_A019_C002_1103NP_F045065.jpg","ATCO-7L63-514-A019_C002_1103NP-F045065","7L63-514|A019_C002_1103NP|45065|7L63-514_A019_C002_1103NP_F045065.jpg","POC_Image_Manifest_A019_C002_1103NP.csv","32"
"7L63","7L63-519","2025-11-03","A019_C002_1103NP","33577","7L63-519_A019_C002_1103NP_F033577.jpg","D:\ATCO Demo\ATCO_POC_STRUCTURE_EXPORTS\7L63\7L63-519\7L63-519_A019_C002_1103NP_F033577.jpg","33571","35508","HIGH","POC_SELECTED","Selected for ATCO 7L63 POC; uploaded to S3","true","asset-mapping-poc/demo-utility/ATCO/7L63/2025-11-03/7L63-519/7L63-519_A019_C002_1103NP_F033577.jpg","ATCO-7L63-519-A019_C002_1103NP-F033577","7L63-519|A019_C002_1103NP|33577|7L63-519_A019_C002_1103NP_F033577.jpg","POC_Image_Manifest_A019_C002_1103NP.csv","33"
"7L63","7L63-519","2025-11-03","A019_C002_1103NP","33638","7L63-519_A019_C002_1103NP_F033638.jpg","D:\ATCO Demo\ATCO_POC_STRUCTURE_EXPORTS\7L63\7L63-519\7L63-519_A019_C002_1103NP_F033638.jpg","33571","35508","HIGH","POC_SELECTED","Selected for ATCO 7L63 POC; uploaded to S3","true","asset-mapping-poc/demo-utility/ATCO/7L63/2025-11-03/7L63-519/7L63-519_A019_C002_1103NP_F033638.jpg","ATCO-7L63-519-A019_C002_1103NP-F033638","7L63-519|A019_C002_1103NP|33638|7L63-519_A019_C002_1103NP_F033638.jpg","POC_Image_Manifest_A019_C002_1103NP.csv","34"
"7L63","7L63-519","2025-11-03","A019_C002_1103NP","33663","7L63-519_A019_C002_1103NP_F033663.jpg","D:\ATCO Demo\ATCO_POC_STRUCTURE_EXPORTS\7L63\7L63-519\7L63-519_A019_C002_1103NP_F033663.jpg","33571","35508","HIGH","POC_SELECTED","Selected for ATCO 7L63 POC; uploaded to S3","true","asset-mapping-poc/demo-utility/ATCO/7L63/2025-11-03/7L63-519/7L63-519_A019_C002_1103NP_F033663.jpg","ATCO-7L63-519-A019_C002_1103NP-F033663","7L63-519|A019_C002_1103NP|33663|7L63-519_A019_C002_1103NP_F033663.jpg","POC_Image_Manifest_A019_C002_1103NP.csv","35"
"7L63","7L63-519","2025-11-03","A019_C002_1103NP","33676","7L63-519_A019_C002_1103NP_F033676.jpg","D:\ATCO Demo\ATCO_POC_STRUCTURE_EXPORTS\7L63\7L63-519\7L63-519_A019_C002_1103NP_F033676.jpg","33571","35508","HIGH","POC_SELECTED","Selected for ATCO 7L63 POC; uploaded to S3","true","asset-mapping-poc/demo-utility/ATCO/7L63/2025-11-03/7L63-519/7L63-519_A019_C002_1103NP_F033676.jpg","ATCO-7L63-519-A019_C002_1103NP-F033676","7L63-519|A019_C002_1103NP|33676|7L63-519_A019_C002_1103NP_F033676.jpg","POC_Image_Manifest_A019_C002_1103NP.csv","36"
"7L63","7L63-519","2025-11-03","A019_C002_1103NP","33744","7L63-519_A019_C002_1103NP_F033744.jpg","D:\ATCO Demo\ATCO_POC_STRUCTURE_EXPORTS\7L63\7L63-519\7L63-519_A019_C002_1103NP_F033744.jpg","33571","35508","HIGH","POC_SELECTED","Selected for ATCO 7L63 POC; uploaded to S3","true","asset-mapping-poc/demo-utility/ATCO/7L63/2025-11-03/7L63-519/7L63-519_A019_C002_1103NP_F033744.jpg","ATCO-7L63-519-A019_C002_1103NP-F033744","7L63-519|A019_C002_1103NP|33744|7L63-519_A019_C002_1103NP_F033744.jpg","POC_Image_Manifest_A019_C002_1103NP.csv","37"
"7L63","7L63-519","2025-11-03","A019_C002_1103NP","33802","7L63-519_A019_C002_1103NP_F033802.jpg","D:\ATCO Demo\ATCO_POC_STRUCTURE_EXPORTS\7L63\7L63-519\7L63-519_A019_C002_1103NP_F033802.jpg","33571","35508","HIGH","POC_SELECTED","Selected for ATCO 7L63 POC; uploaded to S3","true","asset-mapping-poc/demo-utility/ATCO/7L63/2025-11-03/7L63-519/7L63-519_A019_C002_1103NP_F033802.jpg","ATCO-7L63-519-A019_C002_1103NP-F033802","7L63-519|A019_C002_1103NP|33802|7L63-519_A019_C002_1103NP_F033802.jpg","POC_Image_Manifest_A019_C002_1103NP.csv","38"
"7L63","7L63-519","2025-11-03","A019_C002_1103NP","33837","7L63-519_A019_C002_1103NP_F033837.jpg","D:\ATCO Demo\ATCO_POC_STRUCTURE_EXPORTS\7L63\7L63-519\7L63-519_A019_C002_1103NP_F033837.jpg","33571","35508","HIGH","POC_SELECTED","Selected for ATCO 7L63 POC; uploaded to S3","true","asset-mapping-poc/demo-utility/ATCO/7L63/2025-11-03/7L63-519/7L63-519_A019_C002_1103NP_F033837.jpg","ATCO-7L63-519-A019_C002_1103NP-F033837","7L63-519|A019_C002_1103NP|33837|7L63-519_A019_C002_1103NP_F033837.jpg","POC_Image_Manifest_A019_C002_1103NP.csv","39"
"7L63","7L63-519","2025-11-03","A019_C002_1103NP","33852","7L63-519_A019_C002_1103NP_F033852.jpg","D:\ATCO Demo\ATCO_POC_STRUCTURE_EXPORTS\7L63\7L63-519\7L63-519_A019_C002_1103NP_F033852.jpg","33571","35508","HIGH","POC_SELECTED","Selected for ATCO 7L63 POC; uploaded to S3","true","asset-mapping-poc/demo-utility/ATCO/7L63/2025-11-03/7L63-519/7L63-519_A019_C002_1103NP_F033852.jpg","ATCO-7L63-519-A019_C002_1103NP-F033852","7L63-519|A019_C002_1103NP|33852|7L63-519_A019_C002_1103NP_F033852.jpg","POC_Image_Manifest_A019_C002_1103NP.csv","40"
"7L63","7L63-519","2025-11-03","A019_C002_1103NP","33867","7L63-519_A019_C002_1103NP_F033867.jpg","D:\ATCO Demo\ATCO_POC_STRUCTURE_EXPORTS\7L63\7L63-519\7L63-519_A019_C002_1103NP_F033867.jpg","33571","35508","HIGH","POC_SELECTED","Selected for ATCO 7L63 POC; uploaded to S3","true","asset-mapping-poc/demo-utility/ATCO/7L63/2025-11-03/7L63-519/7L63-519_A019_C002_1103NP_F033867.jpg","ATCO-7L63-519-A019_C002_1103NP-F033867","7L63-519|A019_C002_1103NP|33867|7L63-519_A019_C002_1103NP_F033867.jpg","POC_Image_Manifest_A019_C002_1103NP.csv","41"
"7L63","7L63-519","2025-11-03","A019_C002_1103NP","33895","7L63-519_A019_C002_1103NP_F033895.jpg","D:\ATCO Demo\ATCO_POC_STRUCTURE_EXPORTS\7L63\7L63-519\7L63-519_A019_C002_1103NP_F033895.jpg","33571","35508","HIGH","POC_SELECTED","Selected for ATCO 7L63 POC; uploaded to S3","true","asset-mapping-poc/demo-utility/ATCO/7L63/2025-11-03/7L63-519/7L63-519_A019_C002_1103NP_F033895.jpg","ATCO-7L63-519-A019_C002_1103NP-F033895","7L63-519|A019_C002_1103NP|33895|7L63-519_A019_C002_1103NP_F033895.jpg","POC_Image_Manifest_A019_C002_1103NP.csv","42"
"7L63","7L63-519","2025-11-03","A019_C002_1103NP","33984","7L63-519_A019_C002_1103NP_F033984.jpg","D:\ATCO Demo\ATCO_POC_STRUCTURE_EXPORTS\7L63\7L63-519\7L63-519_A019_C002_1103NP_F033984.jpg","33571","35508","HIGH","POC_SELECTED","Selected for ATCO 7L63 POC; uploaded to S3","true","asset-mapping-poc/demo-utility/ATCO/7L63/2025-11-03/7L63-519/7L63-519_A019_C002_1103NP_F033984.jpg","ATCO-7L63-519-A019_C002_1103NP-F033984","7L63-519|A019_C002_1103NP|33984|7L63-519_A019_C002_1103NP_F033984.jpg","POC_Image_Manifest_A019_C002_1103NP.csv","43"
"7L63","7L63-519","2025-11-03","A019_C002_1103NP","34041","7L63-519_A019_C002_1103NP_F034041.jpg","D:\ATCO Demo\ATCO_POC_STRUCTURE_EXPORTS\7L63\7L63-519\7L63-519_A019_C002_1103NP_F034041.jpg","33571","35508","HIGH","POC_SELECTED","Selected for ATCO 7L63 POC; uploaded to S3","true","asset-mapping-poc/demo-utility/ATCO/7L63/2025-11-03/7L63-519/7L63-519_A019_C002_1103NP_F034041.jpg","ATCO-7L63-519-A019_C002_1103NP-F034041","7L63-519|A019_C002_1103NP|34041|7L63-519_A019_C002_1103NP_F034041.jpg","POC_Image_Manifest_A019_C002_1103NP.csv","44"
"7L63","7L63-519","2025-11-03","A019_C002_1103NP","34052","7L63-519_A019_C002_1103NP_F034052.jpg","D:\ATCO Demo\ATCO_POC_STRUCTURE_EXPORTS\7L63\7L63-519\7L63-519_A019_C002_1103NP_F034052.jpg","33571","35508","HIGH","POC_SELECTED","Selected for ATCO 7L63 POC; uploaded to S3","true","asset-mapping-poc/demo-utility/ATCO/7L63/2025-11-03/7L63-519/7L63-519_A019_C002_1103NP_F034052.jpg","ATCO-7L63-519-A019_C002_1103NP-F034052","7L63-519|A019_C002_1103NP|34052|7L63-519_A019_C002_1103NP_F034052.jpg","POC_Image_Manifest_A019_C002_1103NP.csv","45"
"7L63","7L63-519","2025-11-03","A019_C002_1103NP","34094","7L63-519_A019_C002_1103NP_F034094.jpg","D:\ATCO Demo\ATCO_POC_STRUCTURE_EXPORTS\7L63\7L63-519\7L63-519_A019_C002_1103NP_F034094.jpg","33571","35508","HIGH","POC_SELECTED","Selected for ATCO 7L63 POC; uploaded to S3","true","asset-mapping-poc/demo-utility/ATCO/7L63/2025-11-03/7L63-519/7L63-519_A019_C002_1103NP_F034094.jpg","ATCO-7L63-519-A019_C002_1103NP-F034094","7L63-519|A019_C002_1103NP|34094|7L63-519_A019_C002_1103NP_F034094.jpg","POC_Image_Manifest_A019_C002_1103NP.csv","46"
"7L63","7L63-519","2025-11-03","A019_C002_1103NP","34109","7L63-519_A019_C002_1103NP_F034109.jpg","D:\ATCO Demo\ATCO_POC_STRUCTURE_EXPORTS\7L63\7L63-519\7L63-519_A019_C002_1103NP_F034109.jpg","33571","35508","HIGH","POC_SELECTED","Selected for ATCO 7L63 POC; uploaded to S3","true","asset-mapping-poc/demo-utility/ATCO/7L63/2025-11-03/7L63-519/7L63-519_A019_C002_1103NP_F034109.jpg","ATCO-7L63-519-A019_C002_1103NP-F034109","7L63-519|A019_C002_1103NP|34109|7L63-519_A019_C002_1103NP_F034109.jpg","POC_Image_Manifest_A019_C002_1103NP.csv","47"
"7L63","7L63-519","2025-11-03","A019_C002_1103NP","34143","7L63-519_A019_C002_1103NP_F034143.jpg","D:\ATCO Demo\ATCO_POC_STRUCTURE_EXPORTS\7L63\7L63-519\7L63-519_A019_C002_1103NP_F034143.jpg","33571","35508","HIGH","POC_SELECTED","Selected for ATCO 7L63 POC; uploaded to S3","true","asset-mapping-poc/demo-utility/ATCO/7L63/2025-11-03/7L63-519/7L63-519_A019_C002_1103NP_F034143.jpg","ATCO-7L63-519-A019_C002_1103NP-F034143","7L63-519|A019_C002_1103NP|34143|7L63-519_A019_C002_1103NP_F034143.jpg","POC_Image_Manifest_A019_C002_1103NP.csv","48"
"7L63","7L63-519","2025-11-03","A019_C002_1103NP","34174","7L63-519_A019_C002_1103NP_F034174.jpg","D:\ATCO Demo\ATCO_POC_STRUCTURE_EXPORTS\7L63\7L63-519\7L63-519_A019_C002_1103NP_F034174.jpg","33571","35508","HIGH","POC_SELECTED","Selected for ATCO 7L63 POC; uploaded to S3","true","asset-mapping-poc/demo-utility/ATCO/7L63/2025-11-03/7L63-519/7L63-519_A019_C002_1103NP_F034174.jpg","ATCO-7L63-519-A019_C002_1103NP-F034174","7L63-519|A019_C002_1103NP|34174|7L63-519_A019_C002_1103NP_F034174.jpg","POC_Image_Manifest_A019_C002_1103NP.csv","49"
"7L63","7L63-519","2025-11-03","A019_C002_1103NP","34187","7L63-519_A019_C002_1103NP_F034187.jpg","D:\ATCO Demo\ATCO_POC_STRUCTURE_EXPORTS\7L63\7L63-519\7L63-519_A019_C002_1103NP_F034187.jpg","33571","35508","HIGH","POC_SELECTED","Selected for ATCO 7L63 POC; uploaded to S3","true","asset-mapping-poc/demo-utility/ATCO/7L63/2025-11-03/7L63-519/7L63-519_A019_C002_1103NP_F034187.jpg","ATCO-7L63-519-A019_C002_1103NP-F034187","7L63-519|A019_C002_1103NP|34187|7L63-519_A019_C002_1103NP_F034187.jpg","POC_Image_Manifest_A019_C002_1103NP.csv","50"
"7L63","7L63-519","2025-11-03","A019_C002_1103NP","34239","7L63-519_A019_C002_1103NP_F034239.jpg","D:\ATCO Demo\ATCO_POC_STRUCTURE_EXPORTS\7L63\7L63-519\7L63-519_A019_C002_1103NP_F034239.jpg","33571","35508","HIGH","POC_SELECTED","Selected for ATCO 7L63 POC; uploaded to S3","true","asset-mapping-poc/demo-utility/ATCO/7L63/2025-11-03/7L63-519/7L63-519_A019_C002_1103NP_F034239.jpg","ATCO-7L63-519-A019_C002_1103NP-F034239","7L63-519|A019_C002_1103NP|34239|7L63-519_A019_C002_1103NP_F034239.jpg","POC_Image_Manifest_A019_C002_1103NP.csv","51"
"7L63","7L63-519","2025-11-03","A019_C002_1103NP","34261","7L63-519_A019_C002_1103NP_F034261.jpg","D:\ATCO Demo\ATCO_POC_STRUCTURE_EXPORTS\7L63\7L63-519\7L63-519_A019_C002_1103NP_F034261.jpg","33571","35508","HIGH","POC_SELECTED","Selected for ATCO 7L63 POC; uploaded to S3","true","asset-mapping-poc/demo-utility/ATCO/7L63/2025-11-03/7L63-519/7L63-519_A019_C002_1103NP_F034261.jpg","ATCO-7L63-519-A019_C002_1103NP-F034261","7L63-519|A019_C002_1103NP|34261|7L63-519_A019_C002_1103NP_F034261.jpg","POC_Image_Manifest_A019_C002_1103NP.csv","52"
"7L63","7L63-519","2025-11-03","A019_C002_1103NP","34691","7L63-519_A019_C002_1103NP_F034691.jpg","D:\ATCO Demo\ATCO_POC_STRUCTURE_EXPORTS\7L63\7L63-519\7L63-519_A019_C002_1103NP_F034691.jpg","33571","35508","HIGH","POC_SELECTED","Selected for ATCO 7L63 POC; uploaded to S3","true","asset-mapping-poc/demo-utility/ATCO/7L63/2025-11-03/7L63-519/7L63-519_A019_C002_1103NP_F034691.jpg","ATCO-7L63-519-A019_C002_1103NP-F034691","7L63-519|A019_C002_1103NP|34691|7L63-519_A019_C002_1103NP_F034691.jpg","POC_Image_Manifest_A019_C002_1103NP.csv","53"
"7L63","7L63-519","2025-11-03","A019_C002_1103NP","34730","7L63-519_A019_C002_1103NP_F034730.jpg","D:\ATCO Demo\ATCO_POC_STRUCTURE_EXPORTS\7L63\7L63-519\7L63-519_A019_C002_1103NP_F034730.jpg","33571","35508","HIGH","POC_SELECTED","Selected for ATCO 7L63 POC; uploaded to S3","true","asset-mapping-poc/demo-utility/ATCO/7L63/2025-11-03/7L63-519/7L63-519_A019_C002_1103NP_F034730.jpg","ATCO-7L63-519-A019_C002_1103NP-F034730","7L63-519|A019_C002_1103NP|34730|7L63-519_A019_C002_1103NP_F034730.jpg","POC_Image_Manifest_A019_C002_1103NP.csv","54"
"7L63","7L63-519","2025-11-03","A019_C002_1103NP","34794","7L63-519_A019_C002_1103NP_F034794.jpg","D:\ATCO Demo\ATCO_POC_STRUCTURE_EXPORTS\7L63\7L63-519\7L63-519_A019_C002_1103NP_F034794.jpg","33571","35508","HIGH","POC_SELECTED","Selected for ATCO 7L63 POC; uploaded to S3","true","asset-mapping-poc/demo-utility/ATCO/7L63/2025-11-03/7L63-519/7L63-519_A019_C002_1103NP_F034794.jpg","ATCO-7L63-519-A019_C002_1103NP-F034794","7L63-519|A019_C002_1103NP|34794|7L63-519_A019_C002_1103NP_F034794.jpg","POC_Image_Manifest_A019_C002_1103NP.csv","55"
"7L63","7L63-519","2025-11-03","A019_C002_1103NP","34806","7L63-519_A019_C002_1103NP_F034806.jpg","D:\ATCO Demo\ATCO_POC_STRUCTURE_EXPORTS\7L63\7L63-519\7L63-519_A019_C002_1103NP_F034806.jpg","33571","35508","HIGH","POC_SELECTED","Selected for ATCO 7L63 POC; uploaded to S3","true","asset-mapping-poc/demo-utility/ATCO/7L63/2025-11-03/7L63-519/7L63-519_A019_C002_1103NP_F034806.jpg","ATCO-7L63-519-A019_C002_1103NP-F034806","7L63-519|A019_C002_1103NP|34806|7L63-519_A019_C002_1103NP_F034806.jpg","POC_Image_Manifest_A019_C002_1103NP.csv","56"
"7L63","7L63-519","2025-11-03","A019_C002_1103NP","34832","7L63-519_A019_C002_1103NP_F034832.jpg","D:\ATCO Demo\ATCO_POC_STRUCTURE_EXPORTS\7L63\7L63-519\7L63-519_A019_C002_1103NP_F034832.jpg","33571","35508","HIGH","POC_SELECTED","Selected for ATCO 7L63 POC; uploaded to S3","true","asset-mapping-poc/demo-utility/ATCO/7L63/2025-11-03/7L63-519/7L63-519_A019_C002_1103NP_F034832.jpg","ATCO-7L63-519-A019_C002_1103NP-F034832","7L63-519|A019_C002_1103NP|34832|7L63-519_A019_C002_1103NP_F034832.jpg","POC_Image_Manifest_A019_C002_1103NP.csv","57"
"7L63","7L63-519","2025-11-03","A019_C002_1103NP","34890","7L63-519_A019_C002_1103NP_F034890.jpg","D:\ATCO Demo\ATCO_POC_STRUCTURE_EXPORTS\7L63\7L63-519\7L63-519_A019_C002_1103NP_F034890.jpg","33571","35508","HIGH","POC_SELECTED","Selected for ATCO 7L63 POC; uploaded to S3","true","asset-mapping-poc/demo-utility/ATCO/7L63/2025-11-03/7L63-519/7L63-519_A019_C002_1103NP_F034890.jpg","ATCO-7L63-519-A019_C002_1103NP-F034890","7L63-519|A019_C002_1103NP|34890|7L63-519_A019_C002_1103NP_F034890.jpg","POC_Image_Manifest_A019_C002_1103NP.csv","58"
"7L63","7L63-519","2025-11-03","A019_C002_1103NP","34927","7L63-519_A019_C002_1103NP_F034927.jpg","D:\ATCO Demo\ATCO_POC_STRUCTURE_EXPORTS\7L63\7L63-519\7L63-519_A019_C002_1103NP_F034927.jpg","33571","35508","HIGH","POC_SELECTED","Selected for ATCO 7L63 POC; uploaded to S3","true","asset-mapping-poc/demo-utility/ATCO/7L63/2025-11-03/7L63-519/7L63-519_A019_C002_1103NP_F034927.jpg","ATCO-7L63-519-A019_C002_1103NP-F034927","7L63-519|A019_C002_1103NP|34927|7L63-519_A019_C002_1103NP_F034927.jpg","POC_Image_Manifest_A019_C002_1103NP.csv","59"
"7L63","7L63-519","2025-11-03","A019_C002_1103NP","34947","7L63-519_A019_C002_1103NP_F034947.jpg","D:\ATCO Demo\ATCO_POC_STRUCTURE_EXPORTS\7L63\7L63-519\7L63-519_A019_C002_1103NP_F034947.jpg","33571","35508","HIGH","POC_SELECTED","Selected for ATCO 7L63 POC; uploaded to S3","true","asset-mapping-poc/demo-utility/ATCO/7L63/2025-11-03/7L63-519/7L63-519_A019_C002_1103NP_F034947.jpg","ATCO-7L63-519-A019_C002_1103NP-F034947","7L63-519|A019_C002_1103NP|34947|7L63-519_A019_C002_1103NP_F034947.jpg","POC_Image_Manifest_A019_C002_1103NP.csv","60"
"7L63","7L63-519","2025-11-03","A019_C002_1103NP","34971","7L63-519_A019_C002_1103NP_F034971.jpg","D:\ATCO Demo\ATCO_POC_STRUCTURE_EXPORTS\7L63\7L63-519\7L63-519_A019_C002_1103NP_F034971.jpg","33571","35508","HIGH","POC_SELECTED","Selected for ATCO 7L63 POC; uploaded to S3","true","asset-mapping-poc/demo-utility/ATCO/7L63/2025-11-03/7L63-519/7L63-519_A019_C002_1103NP_F034971.jpg","ATCO-7L63-519-A019_C002_1103NP-F034971","7L63-519|A019_C002_1103NP|34971|7L63-519_A019_C002_1103NP_F034971.jpg","POC_Image_Manifest_A019_C002_1103NP.csv","61"
"7L63","7L63-519","2025-11-03","A019_C002_1103NP","35071","7L63-519_A019_C002_1103NP_F035071.jpg","D:\ATCO Demo\ATCO_POC_STRUCTURE_EXPORTS\7L63\7L63-519\7L63-519_A019_C002_1103NP_F035071.jpg","33571","35508","HIGH","POC_SELECTED","Selected for ATCO 7L63 POC; uploaded to S3","true","asset-mapping-poc/demo-utility/ATCO/7L63/2025-11-03/7L63-519/7L63-519_A019_C002_1103NP_F035071.jpg","ATCO-7L63-519-A019_C002_1103NP-F035071","7L63-519|A019_C002_1103NP|35071|7L63-519_A019_C002_1103NP_F035071.jpg","POC_Image_Manifest_A019_C002_1103NP.csv","62"
"7L63","7L63-519","2025-11-03","A019_C002_1103NP","35106","7L63-519_A019_C002_1103NP_F035106.jpg","D:\ATCO Demo\ATCO_POC_STRUCTURE_EXPORTS\7L63\7L63-519\7L63-519_A019_C002_1103NP_F035106.jpg","33571","35508","HIGH","POC_SELECTED","Selected for ATCO 7L63 POC; uploaded to S3","true","asset-mapping-poc/demo-utility/ATCO/7L63/2025-11-03/7L63-519/7L63-519_A019_C002_1103NP_F035106.jpg","ATCO-7L63-519-A019_C002_1103NP-F035106","7L63-519|A019_C002_1103NP|35106|7L63-519_A019_C002_1103NP_F035106.jpg","POC_Image_Manifest_A019_C002_1103NP.csv","63"
"7L63","7L63-519","2025-11-03","A019_C002_1103NP","35199","7L63-519_A019_C002_1103NP_F035199.jpg","D:\ATCO Demo\ATCO_POC_STRUCTURE_EXPORTS\7L63\7L63-519\7L63-519_A019_C002_1103NP_F035199.jpg","33571","35508","HIGH","POC_SELECTED","Selected for ATCO 7L63 POC; uploaded to S3","true","asset-mapping-poc/demo-utility/ATCO/7L63/2025-11-03/7L63-519/7L63-519_A019_C002_1103NP_F035199.jpg","ATCO-7L63-519-A019_C002_1103NP-F035199","7L63-519|A019_C002_1103NP|35199|7L63-519_A019_C002_1103NP_F035199.jpg","POC_Image_Manifest_A019_C002_1103NP.csv","64"
"7L63","7L63-519","2025-11-03","A019_C002_1103NP","35266","7L63-519_A019_C002_1103NP_F035266.jpg","D:\ATCO Demo\ATCO_POC_STRUCTURE_EXPORTS\7L63\7L63-519\7L63-519_A019_C002_1103NP_F035266.jpg","33571","35508","HIGH","POC_SELECTED","Selected for ATCO 7L63 POC; uploaded to S3","true","asset-mapping-poc/demo-utility/ATCO/7L63/2025-11-03/7L63-519/7L63-519_A019_C002_1103NP_F035266.jpg","ATCO-7L63-519-A019_C002_1103NP-F035266","7L63-519|A019_C002_1103NP|35266|7L63-519_A019_C002_1103NP_F035266.jpg","POC_Image_Manifest_A019_C002_1103NP.csv","65"
"7L63","7L63-519","2025-11-03","A019_C002_1103NP","35318","7L63-519_A019_C002_1103NP_F035318.jpg","D:\ATCO Demo\ATCO_POC_STRUCTURE_EXPORTS\7L63\7L63-519\7L63-519_A019_C002_1103NP_F035318.jpg","33571","35508","HIGH","POC_SELECTED","Selected for ATCO 7L63 POC; uploaded to S3","true","asset-mapping-poc/demo-utility/ATCO/7L63/2025-11-03/7L63-519/7L63-519_A019_C002_1103NP_F035318.jpg","ATCO-7L63-519-A019_C002_1103NP-F035318","7L63-519|A019_C002_1103NP|35318|7L63-519_A019_C002_1103NP_F035318.jpg","POC_Image_Manifest_A019_C002_1103NP.csv","66"
"7L63","7L63-519","2025-11-03","A019_C002_1103NP","35335","7L63-519_A019_C002_1103NP_F035335.jpg","D:\ATCO Demo\ATCO_POC_STRUCTURE_EXPORTS\7L63\7L63-519\7L63-519_A019_C002_1103NP_F035335.jpg","33571","35508","HIGH","POC_SELECTED","Selected for ATCO 7L63 POC; uploaded to S3","true","asset-mapping-poc/demo-utility/ATCO/7L63/2025-11-03/7L63-519/7L63-519_A019_C002_1103NP_F035335.jpg","ATCO-7L63-519-A019_C002_1103NP-F035335","7L63-519|A019_C002_1103NP|35335|7L63-519_A019_C002_1103NP_F035335.jpg","POC_Image_Manifest_A019_C002_1103NP.csv","67"
"7L63","7L63-519","2025-11-03","A019_C002_1103NP","35346","7L63-519_A019_C002_1103NP_F035346.jpg","D:\ATCO Demo\ATCO_POC_STRUCTURE_EXPORTS\7L63\7L63-519\7L63-519_A019_C002_1103NP_F035346.jpg","33571","35508","HIGH","POC_SELECTED","Selected for ATCO 7L63 POC; uploaded to S3","true","asset-mapping-poc/demo-utility/ATCO/7L63/2025-11-03/7L63-519/7L63-519_A019_C002_1103NP_F035346.jpg","ATCO-7L63-519-A019_C002_1103NP-F035346","7L63-519|A019_C002_1103NP|35346|7L63-519_A019_C002_1103NP_F035346.jpg","POC_Image_Manifest_A019_C002_1103NP.csv","68"
"7L63","7L63-519","2025-11-03","A019_C002_1103NP","35444","7L63-519_A019_C002_1103NP_F035444.jpg","D:\ATCO Demo\ATCO_POC_STRUCTURE_EXPORTS\7L63\7L63-519\7L63-519_A019_C002_1103NP_F035444.jpg","33571","35508","HIGH","POC_SELECTED","Selected for ATCO 7L63 POC; uploaded to S3","true","asset-mapping-poc/demo-utility/ATCO/7L63/2025-11-03/7L63-519/7L63-519_A019_C002_1103NP_F035444.jpg","ATCO-7L63-519-A019_C002_1103NP-F035444","7L63-519|A019_C002_1103NP|35444|7L63-519_A019_C002_1103NP_F035444.jpg","POC_Image_Manifest_A019_C002_1103NP.csv","69"
"7L63","7L63-525","2025-11-03","A019_C002_1103NP","23092","7L63-525_A019_C002_1103NP_F023092.jpg","D:\ATCO Demo\ATCO_POC_STRUCTURE_EXPORTS\7L63\7L63-525\7L63-525_A019_C002_1103NP_F023092.jpg","23092","24432","HIGH","POC_SELECTED","Selected for ATCO 7L63 POC; uploaded to S3","true","asset-mapping-poc/demo-utility/ATCO/7L63/2025-11-03/7L63-525/7L63-525_A019_C002_1103NP_F023092.jpg","ATCO-7L63-525-A019_C002_1103NP-F023092","7L63-525|A019_C002_1103NP|23092|7L63-525_A019_C002_1103NP_F023092.jpg","POC_Image_Manifest_A019_C002_1103NP.csv","70"
"7L63","7L63-525","2025-11-03","A019_C002_1103NP","23163","7L63-525_A019_C002_1103NP_F023163.jpg","D:\ATCO Demo\ATCO_POC_STRUCTURE_EXPORTS\7L63\7L63-525\7L63-525_A019_C002_1103NP_F023163.jpg","23092","24432","HIGH","POC_SELECTED","Selected for ATCO 7L63 POC; uploaded to S3","true","asset-mapping-poc/demo-utility/ATCO/7L63/2025-11-03/7L63-525/7L63-525_A019_C002_1103NP_F023163.jpg","ATCO-7L63-525-A019_C002_1103NP-F023163","7L63-525|A019_C002_1103NP|23163|7L63-525_A019_C002_1103NP_F023163.jpg","POC_Image_Manifest_A019_C002_1103NP.csv","71"
"7L63","7L63-525","2025-11-03","A019_C002_1103NP","23273","7L63-525_A019_C002_1103NP_F023273.jpg","D:\ATCO Demo\ATCO_POC_STRUCTURE_EXPORTS\7L63\7L63-525\7L63-525_A019_C002_1103NP_F023273.jpg","23092","24432","HIGH","POC_SELECTED","Selected for ATCO 7L63 POC; uploaded to S3","true","asset-mapping-poc/demo-utility/ATCO/7L63/2025-11-03/7L63-525/7L63-525_A019_C002_1103NP_F023273.jpg","ATCO-7L63-525-A019_C002_1103NP-F023273","7L63-525|A019_C002_1103NP|23273|7L63-525_A019_C002_1103NP_F023273.jpg","POC_Image_Manifest_A019_C002_1103NP.csv","72"
"7L63","7L63-525","2025-11-03","A019_C002_1103NP","23319","7L63-525_A019_C002_1103NP_F023319.jpg","D:\ATCO Demo\ATCO_POC_STRUCTURE_EXPORTS\7L63\7L63-525\7L63-525_A019_C002_1103NP_F023319.jpg","23092","24432","HIGH","POC_SELECTED","Selected for ATCO 7L63 POC; uploaded to S3","true","asset-mapping-poc/demo-utility/ATCO/7L63/2025-11-03/7L63-525/7L63-525_A019_C002_1103NP_F023319.jpg","ATCO-7L63-525-A019_C002_1103NP-F023319","7L63-525|A019_C002_1103NP|23319|7L63-525_A019_C002_1103NP_F023319.jpg","POC_Image_Manifest_A019_C002_1103NP.csv","73"
"7L63","7L63-525","2025-11-03","A019_C002_1103NP","23355","7L63-525_A019_C002_1103NP_F023355.jpg","D:\ATCO Demo\ATCO_POC_STRUCTURE_EXPORTS\7L63\7L63-525\7L63-525_A019_C002_1103NP_F023355.jpg","23092","24432","HIGH","POC_SELECTED","Selected for ATCO 7L63 POC; uploaded to S3","true","asset-mapping-poc/demo-utility/ATCO/7L63/2025-11-03/7L63-525/7L63-525_A019_C002_1103NP_F023355.jpg","ATCO-7L63-525-A019_C002_1103NP-F023355","7L63-525|A019_C002_1103NP|23355|7L63-525_A019_C002_1103NP_F023355.jpg","POC_Image_Manifest_A019_C002_1103NP.csv","74"
"7L63","7L63-525","2025-11-03","A019_C002_1103NP","23390","7L63-525_A019_C002_1103NP_F023390.jpg","D:\ATCO Demo\ATCO_POC_STRUCTURE_EXPORTS\7L63\7L63-525\7L63-525_A019_C002_1103NP_F023390.jpg","23092","24432","HIGH","POC_SELECTED","Selected for ATCO 7L63 POC; uploaded to S3","true","asset-mapping-poc/demo-utility/ATCO/7L63/2025-11-03/7L63-525/7L63-525_A019_C002_1103NP_F023390.jpg","ATCO-7L63-525-A019_C002_1103NP-F023390","7L63-525|A019_C002_1103NP|23390|7L63-525_A019_C002_1103NP_F023390.jpg","POC_Image_Manifest_A019_C002_1103NP.csv","75"
"7L63","7L63-525","2025-11-03","A019_C002_1103NP","23402","7L63-525_A019_C002_1103NP_F023402.jpg","D:\ATCO Demo\ATCO_POC_STRUCTURE_EXPORTS\7L63\7L63-525\7L63-525_A019_C002_1103NP_F023402.jpg","23092","24432","HIGH","POC_SELECTED","Selected for ATCO 7L63 POC; uploaded to S3","true","asset-mapping-poc/demo-utility/ATCO/7L63/2025-11-03/7L63-525/7L63-525_A019_C002_1103NP_F023402.jpg","ATCO-7L63-525-A019_C002_1103NP-F023402","7L63-525|A019_C002_1103NP|23402|7L63-525_A019_C002_1103NP_F023402.jpg","POC_Image_Manifest_A019_C002_1103NP.csv","76"
"7L63","7L63-525","2025-11-03","A019_C002_1103NP","23413","7L63-525_A019_C002_1103NP_F023413.jpg","D:\ATCO Demo\ATCO_POC_STRUCTURE_EXPORTS\7L63\7L63-525\7L63-525_A019_C002_1103NP_F023413.jpg","23092","24432","HIGH","POC_SELECTED","Selected for ATCO 7L63 POC; uploaded to S3","true","asset-mapping-poc/demo-utility/ATCO/7L63/2025-11-03/7L63-525/7L63-525_A019_C002_1103NP_F023413.jpg","ATCO-7L63-525-A019_C002_1103NP-F023413","7L63-525|A019_C002_1103NP|23413|7L63-525_A019_C002_1103NP_F023413.jpg","POC_Image_Manifest_A019_C002_1103NP.csv","77"
"7L63","7L63-525","2025-11-03","A019_C002_1103NP","23424","7L63-525_A019_C002_1103NP_F023424.jpg","D:\ATCO Demo\ATCO_POC_STRUCTURE_EXPORTS\7L63\7L63-525\7L63-525_A019_C002_1103NP_F023424.jpg","23092","24432","HIGH","POC_SELECTED","Selected for ATCO 7L63 POC; uploaded to S3","true","asset-mapping-poc/demo-utility/ATCO/7L63/2025-11-03/7L63-525/7L63-525_A019_C002_1103NP_F023424.jpg","ATCO-7L63-525-A019_C002_1103NP-F023424","7L63-525|A019_C002_1103NP|23424|7L63-525_A019_C002_1103NP_F023424.jpg","POC_Image_Manifest_A019_C002_1103NP.csv","78"
"7L63","7L63-525","2025-11-03","A019_C002_1103NP","23490","7L63-525_A019_C002_1103NP_F023490.jpg","D:\ATCO Demo\ATCO_POC_STRUCTURE_EXPORTS\7L63\7L63-525\7L63-525_A019_C002_1103NP_F023490.jpg","23092","24432","HIGH","POC_SELECTED","Selected for ATCO 7L63 POC; uploaded to S3","true","asset-mapping-poc/demo-utility/ATCO/7L63/2025-11-03/7L63-525/7L63-525_A019_C002_1103NP_F023490.jpg","ATCO-7L63-525-A019_C002_1103NP-F023490","7L63-525|A019_C002_1103NP|23490|7L63-525_A019_C002_1103NP_F023490.jpg","POC_Image_Manifest_A019_C002_1103NP.csv","79"
"7L63","7L63-525","2025-11-03","A019_C002_1103NP","23508","7L63-525_A019_C002_1103NP_F023508.jpg","D:\ATCO Demo\ATCO_POC_STRUCTURE_EXPORTS\7L63\7L63-525\7L63-525_A019_C002_1103NP_F023508.jpg","23092","24432","HIGH","POC_SELECTED","Selected for ATCO 7L63 POC; uploaded to S3","true","asset-mapping-poc/demo-utility/ATCO/7L63/2025-11-03/7L63-525/7L63-525_A019_C002_1103NP_F023508.jpg","ATCO-7L63-525-A019_C002_1103NP-F023508","7L63-525|A019_C002_1103NP|23508|7L63-525_A019_C002_1103NP_F023508.jpg","POC_Image_Manifest_A019_C002_1103NP.csv","80"
"7L63","7L63-525","2025-11-03","A019_C002_1103NP","23528","7L63-525_A019_C002_1103NP_F023528.jpg","D:\ATCO Demo\ATCO_POC_STRUCTURE_EXPORTS\7L63\7L63-525\7L63-525_A019_C002_1103NP_F023528.jpg","23092","24432","HIGH","POC_SELECTED","Selected for ATCO 7L63 POC; uploaded to S3","true","asset-mapping-poc/demo-utility/ATCO/7L63/2025-11-03/7L63-525/7L63-525_A019_C002_1103NP_F023528.jpg","ATCO-7L63-525-A019_C002_1103NP-F023528","7L63-525|A019_C002_1103NP|23528|7L63-525_A019_C002_1103NP_F023528.jpg","POC_Image_Manifest_A019_C002_1103NP.csv","81"
"7L63","7L63-525","2025-11-03","A019_C002_1103NP","23550","7L63-525_A019_C002_1103NP_F023550.jpg","D:\ATCO Demo\ATCO_POC_STRUCTURE_EXPORTS\7L63\7L63-525\7L63-525_A019_C002_1103NP_F023550.jpg","23092","24432","HIGH","POC_SELECTED","Selected for ATCO 7L63 POC; uploaded to S3","true","asset-mapping-poc/demo-utility/ATCO/7L63/2025-11-03/7L63-525/7L63-525_A019_C002_1103NP_F023550.jpg","ATCO-7L63-525-A019_C002_1103NP-F023550","7L63-525|A019_C002_1103NP|23550|7L63-525_A019_C002_1103NP_F023550.jpg","POC_Image_Manifest_A019_C002_1103NP.csv","82"
"7L63","7L63-525","2025-11-03","A019_C002_1103NP","23572","7L63-525_A019_C002_1103NP_F023572.jpg","D:\ATCO Demo\ATCO_POC_STRUCTURE_EXPORTS\7L63\7L63-525\7L63-525_A019_C002_1103NP_F023572.jpg","23092","24432","HIGH","POC_SELECTED","Selected for ATCO 7L63 POC; uploaded to S3","true","asset-mapping-poc/demo-utility/ATCO/7L63/2025-11-03/7L63-525/7L63-525_A019_C002_1103NP_F023572.jpg","ATCO-7L63-525-A019_C002_1103NP-F023572","7L63-525|A019_C002_1103NP|23572|7L63-525_A019_C002_1103NP_F023572.jpg","POC_Image_Manifest_A019_C002_1103NP.csv","83"
"7L63","7L63-525","2025-11-03","A019_C002_1103NP","23595","7L63-525_A019_C002_1103NP_F023595.jpg","D:\ATCO Demo\ATCO_POC_STRUCTURE_EXPORTS\7L63\7L63-525\7L63-525_A019_C002_1103NP_F023595.jpg","23092","24432","HIGH","POC_SELECTED","Selected for ATCO 7L63 POC; uploaded to S3","true","asset-mapping-poc/demo-utility/ATCO/7L63/2025-11-03/7L63-525/7L63-525_A019_C002_1103NP_F023595.jpg","ATCO-7L63-525-A019_C002_1103NP-F023595","7L63-525|A019_C002_1103NP|23595|7L63-525_A019_C002_1103NP_F023595.jpg","POC_Image_Manifest_A019_C002_1103NP.csv","84"
"7L63","7L63-525","2025-11-03","A019_C002_1103NP","23886","7L63-525_A019_C002_1103NP_F023886.jpg","D:\ATCO Demo\ATCO_POC_STRUCTURE_EXPORTS\7L63\7L63-525\7L63-525_A019_C002_1103NP_F023886.jpg","23092","24432","HIGH","POC_SELECTED","Selected for ATCO 7L63 POC; uploaded to S3","true","asset-mapping-poc/demo-utility/ATCO/7L63/2025-11-03/7L63-525/7L63-525_A019_C002_1103NP_F023886.jpg","ATCO-7L63-525-A019_C002_1103NP-F023886","7L63-525|A019_C002_1103NP|23886|7L63-525_A019_C002_1103NP_F023886.jpg","POC_Image_Manifest_A019_C002_1103NP.csv","85"
"7L63","7L63-525","2025-11-03","A019_C002_1103NP","23934","7L63-525_A019_C002_1103NP_F023934.jpg","D:\ATCO Demo\ATCO_POC_STRUCTURE_EXPORTS\7L63\7L63-525\7L63-525_A019_C002_1103NP_F023934.jpg","23092","24432","HIGH","POC_SELECTED","Selected for ATCO 7L63 POC; uploaded to S3","true","asset-mapping-poc/demo-utility/ATCO/7L63/2025-11-03/7L63-525/7L63-525_A019_C002_1103NP_F023934.jpg","ATCO-7L63-525-A019_C002_1103NP-F023934","7L63-525|A019_C002_1103NP|23934|7L63-525_A019_C002_1103NP_F023934.jpg","POC_Image_Manifest_A019_C002_1103NP.csv","86"
"7L63","7L63-525","2025-11-03","A019_C002_1103NP","23952","7L63-525_A019_C002_1103NP_F023952.jpg","D:\ATCO Demo\ATCO_POC_STRUCTURE_EXPORTS\7L63\7L63-525\7L63-525_A019_C002_1103NP_F023952.jpg","23092","24432","HIGH","POC_SELECTED","Selected for ATCO 7L63 POC; uploaded to S3","true","asset-mapping-poc/demo-utility/ATCO/7L63/2025-11-03/7L63-525/7L63-525_A019_C002_1103NP_F023952.jpg","ATCO-7L63-525-A019_C002_1103NP-F023952","7L63-525|A019_C002_1103NP|23952|7L63-525_A019_C002_1103NP_F023952.jpg","POC_Image_Manifest_A019_C002_1103NP.csv","87"
"7L63","7L63-525","2025-11-03","A019_C002_1103NP","23963","7L63-525_A019_C002_1103NP_F023963.jpg","D:\ATCO Demo\ATCO_POC_STRUCTURE_EXPORTS\7L63\7L63-525\7L63-525_A019_C002_1103NP_F023963.jpg","23092","24432","HIGH","POC_SELECTED","Selected for ATCO 7L63 POC; uploaded to S3","true","asset-mapping-poc/demo-utility/ATCO/7L63/2025-11-03/7L63-525/7L63-525_A019_C002_1103NP_F023963.jpg","ATCO-7L63-525-A019_C002_1103NP-F023963","7L63-525|A019_C002_1103NP|23963|7L63-525_A019_C002_1103NP_F023963.jpg","POC_Image_Manifest_A019_C002_1103NP.csv","88"
"7L63","7L63-525","2025-11-03","A019_C002_1103NP","23979","7L63-525_A019_C002_1103NP_F023979.jpg","D:\ATCO Demo\ATCO_POC_STRUCTURE_EXPORTS\7L63\7L63-525\7L63-525_A019_C002_1103NP_F023979.jpg","23092","24432","HIGH","POC_SELECTED","Selected for ATCO 7L63 POC; uploaded to S3","true","asset-mapping-poc/demo-utility/ATCO/7L63/2025-11-03/7L63-525/7L63-525_A019_C002_1103NP_F023979.jpg","ATCO-7L63-525-A019_C002_1103NP-F023979","7L63-525|A019_C002_1103NP|23979|7L63-525_A019_C002_1103NP_F023979.jpg","POC_Image_Manifest_A019_C002_1103NP.csv","89"
"7L63","7L63-525","2025-11-03","A019_C002_1103NP","24021","7L63-525_A019_C002_1103NP_F024021.jpg","D:\ATCO Demo\ATCO_POC_STRUCTURE_EXPORTS\7L63\7L63-525\7L63-525_A019_C002_1103NP_F024021.jpg","23092","24432","HIGH","POC_SELECTED","Selected for ATCO 7L63 POC; uploaded to S3","true","asset-mapping-poc/demo-utility/ATCO/7L63/2025-11-03/7L63-525/7L63-525_A019_C002_1103NP_F024021.jpg","ATCO-7L63-525-A019_C002_1103NP-F024021","7L63-525|A019_C002_1103NP|24021|7L63-525_A019_C002_1103NP_F024021.jpg","POC_Image_Manifest_A019_C002_1103NP.csv","90"
"7L63","7L63-525","2025-11-03","A019_C002_1103NP","24085","7L63-525_A019_C002_1103NP_F024085.jpg","D:\ATCO Demo\ATCO_POC_STRUCTURE_EXPORTS\7L63\7L63-525\7L63-525_A019_C002_1103NP_F024085.jpg","23092","24432","HIGH","POC_SELECTED","Selected for ATCO 7L63 POC; uploaded to S3","true","asset-mapping-poc/demo-utility/ATCO/7L63/2025-11-03/7L63-525/7L63-525_A019_C002_1103NP_F024085.jpg","ATCO-7L63-525-A019_C002_1103NP-F024085","7L63-525|A019_C002_1103NP|24085|7L63-525_A019_C002_1103NP_F024085.jpg","POC_Image_Manifest_A019_C002_1103NP.csv","91"
"7L63","7L63-525","2025-11-03","A019_C002_1103NP","24105","7L63-525_A019_C002_1103NP_F024105.jpg","D:\ATCO Demo\ATCO_POC_STRUCTURE_EXPORTS\7L63\7L63-525\7L63-525_A019_C002_1103NP_F024105.jpg","23092","24432","HIGH","POC_SELECTED","Selected for ATCO 7L63 POC; uploaded to S3","true","asset-mapping-poc/demo-utility/ATCO/7L63/2025-11-03/7L63-525/7L63-525_A019_C002_1103NP_F024105.jpg","ATCO-7L63-525-A019_C002_1103NP-F024105","7L63-525|A019_C002_1103NP|24105|7L63-525_A019_C002_1103NP_F024105.jpg","POC_Image_Manifest_A019_C002_1103NP.csv","92"
"7L63","7L63-525","2025-11-03","A019_C002_1103NP","24114","7L63-525_A019_C002_1103NP_F024114.jpg","D:\ATCO Demo\ATCO_POC_STRUCTURE_EXPORTS\7L63\7L63-525\7L63-525_A019_C002_1103NP_F024114.jpg","23092","24432","HIGH","POC_SELECTED","Selected for ATCO 7L63 POC; uploaded to S3","true","asset-mapping-poc/demo-utility/ATCO/7L63/2025-11-03/7L63-525/7L63-525_A019_C002_1103NP_F024114.jpg","ATCO-7L63-525-A019_C002_1103NP-F024114","7L63-525|A019_C002_1103NP|24114|7L63-525_A019_C002_1103NP_F024114.jpg","POC_Image_Manifest_A019_C002_1103NP.csv","93"
"7L63","7L63-525","2025-11-03","A019_C002_1103NP","24124","7L63-525_A019_C002_1103NP_F024124.jpg","D:\ATCO Demo\ATCO_POC_STRUCTURE_EXPORTS\7L63\7L63-525\7L63-525_A019_C002_1103NP_F024124.jpg","23092","24432","HIGH","POC_SELECTED","Selected for ATCO 7L63 POC; uploaded to S3","true","asset-mapping-poc/demo-utility/ATCO/7L63/2025-11-03/7L63-525/7L63-525_A019_C002_1103NP_F024124.jpg","ATCO-7L63-525-A019_C002_1103NP-F024124","7L63-525|A019_C002_1103NP|24124|7L63-525_A019_C002_1103NP_F024124.jpg","POC_Image_Manifest_A019_C002_1103NP.csv","94"
"7L63","7L63-525","2025-11-03","A019_C002_1103NP","24201","7L63-525_A019_C002_1103NP_F024201.jpg","D:\ATCO Demo\ATCO_POC_STRUCTURE_EXPORTS\7L63\7L63-525\7L63-525_A019_C002_1103NP_F024201.jpg","23092","24432","HIGH","POC_SELECTED","Selected for ATCO 7L63 POC; uploaded to S3","true","asset-mapping-poc/demo-utility/ATCO/7L63/2025-11-03/7L63-525/7L63-525_A019_C002_1103NP_F024201.jpg","ATCO-7L63-525-A019_C002_1103NP-F024201","7L63-525|A019_C002_1103NP|24201|7L63-525_A019_C002_1103NP_F024201.jpg","POC_Image_Manifest_A019_C002_1103NP.csv","95"
"7L63","7L63-525","2025-11-03","A019_C002_1103NP","24219","7L63-525_A019_C002_1103NP_F024219.jpg","D:\ATCO Demo\ATCO_POC_STRUCTURE_EXPORTS\7L63\7L63-525\7L63-525_A019_C002_1103NP_F024219.jpg","23092","24432","HIGH","POC_SELECTED","Selected for ATCO 7L63 POC; uploaded to S3","true","asset-mapping-poc/demo-utility/ATCO/7L63/2025-11-03/7L63-525/7L63-525_A019_C002_1103NP_F024219.jpg","ATCO-7L63-525-A019_C002_1103NP-F024219","7L63-525|A019_C002_1103NP|24219|7L63-525_A019_C002_1103NP_F024219.jpg","POC_Image_Manifest_A019_C002_1103NP.csv","96"
"7L63","7L63-525","2025-11-03","A019_C002_1103NP","24245","7L63-525_A019_C002_1103NP_F024245.jpg","D:\ATCO Demo\ATCO_POC_STRUCTURE_EXPORTS\7L63\7L63-525\7L63-525_A019_C002_1103NP_F024245.jpg","23092","24432","HIGH","POC_SELECTED","Selected for ATCO 7L63 POC; uploaded to S3","true","asset-mapping-poc/demo-utility/ATCO/7L63/2025-11-03/7L63-525/7L63-525_A019_C002_1103NP_F024245.jpg","ATCO-7L63-525-A019_C002_1103NP-F024245","7L63-525|A019_C002_1103NP|24245|7L63-525_A019_C002_1103NP_F024245.jpg","POC_Image_Manifest_A019_C002_1103NP.csv","97"
"7L63","7L63-525","2025-11-03","A019_C002_1103NP","24280","7L63-525_A019_C002_1103NP_F024280.jpg","D:\ATCO Demo\ATCO_POC_STRUCTURE_EXPORTS\7L63\7L63-525\7L63-525_A019_C002_1103NP_F024280.jpg","23092","24432","HIGH","POC_SELECTED","Selected for ATCO 7L63 POC; uploaded to S3","true","asset-mapping-poc/demo-utility/ATCO/7L63/2025-11-03/7L63-525/7L63-525_A019_C002_1103NP_F024280.jpg","ATCO-7L63-525-A019_C002_1103NP-F024280","7L63-525|A019_C002_1103NP|24280|7L63-525_A019_C002_1103NP_F024280.jpg","POC_Image_Manifest_A019_C002_1103NP.csv","98"
"7L63","7L63-525","2025-11-03","A019_C002_1103NP","24327","7L63-525_A019_C002_1103NP_F024327.jpg","D:\ATCO Demo\ATCO_POC_STRUCTURE_EXPORTS\7L63\7L63-525\7L63-525_A019_C002_1103NP_F024327.jpg","23092","24432","HIGH","POC_SELECTED","Selected for ATCO 7L63 POC; uploaded to S3","true","asset-mapping-poc/demo-utility/ATCO/7L63/2025-11-03/7L63-525/7L63-525_A019_C002_1103NP_F024327.jpg","ATCO-7L63-525-A019_C002_1103NP-F024327","7L63-525|A019_C002_1103NP|24327|7L63-525_A019_C002_1103NP_F024327.jpg","POC_Image_Manifest_A019_C002_1103NP.csv","99"
"7L63","7L63-525","2025-11-03","A019_C002_1103NP","24401","7L63-525_A019_C002_1103NP_F024401.jpg","D:\ATCO Demo\ATCO_POC_STRUCTURE_EXPORTS\7L63\7L63-525\7L63-525_A019_C002_1103NP_F024401.jpg","23092","24432","HIGH","POC_SELECTED","Selected for ATCO 7L63 POC; uploaded to S3","true","asset-mapping-poc/demo-utility/ATCO/7L63/2025-11-03/7L63-525/7L63-525_A019_C002_1103NP_F024401.jpg","ATCO-7L63-525-A019_C002_1103NP-F024401","7L63-525|A019_C002_1103NP|24401|7L63-525_A019_C002_1103NP_F024401.jpg","POC_Image_Manifest_A019_C002_1103NP.csv","100"
"7L63","7L63-543","2025-11-03","A019_C001_1103QA","32026","7L63-543_A019_C001_1103QA_F032026.jpg","D:\ATCO Demo\ATCO_POC_STRUCTURE_EXPORTS\7L63\7L63-543\7L63-543_A019_C001_1103QA_F032026.jpg","32016","33199","HIGH","POC_SELECTED","Selected for ATCO 7L63 POC; uploaded to S3","true","asset-mapping-poc/demo-utility/ATCO/7L63/2025-11-03/7L63-543/7L63-543_A019_C001_1103QA_F032026.jpg","ATCO-7L63-543-A019_C001_1103QA-F032026","7L63-543|A019_C001_1103QA|32026|7L63-543_A019_C001_1103QA_F032026.jpg","POC_Image_Manifest.csv","2"
"7L63","7L63-543","2025-11-03","A019_C001_1103QA","32080","7L63-543_A019_C001_1103QA_F032080.jpg","D:\ATCO Demo\ATCO_POC_STRUCTURE_EXPORTS\7L63\7L63-543\7L63-543_A019_C001_1103QA_F032080.jpg","32016","33199","HIGH","POC_SELECTED","Selected for ATCO 7L63 POC; uploaded to S3","true","asset-mapping-poc/demo-utility/ATCO/7L63/2025-11-03/7L63-543/7L63-543_A019_C001_1103QA_F032080.jpg","ATCO-7L63-543-A019_C001_1103QA-F032080","7L63-543|A019_C001_1103QA|32080|7L63-543_A019_C001_1103QA_F032080.jpg","POC_Image_Manifest.csv","3"
"7L63","7L63-543","2025-11-03","A019_C001_1103QA","32098","7L63-543_A019_C001_1103QA_F032098.jpg","D:\ATCO Demo\ATCO_POC_STRUCTURE_EXPORTS\7L63\7L63-543\7L63-543_A019_C001_1103QA_F032098.jpg","32016","33199","HIGH","POC_SELECTED","Selected for ATCO 7L63 POC; uploaded to S3","true","asset-mapping-poc/demo-utility/ATCO/7L63/2025-11-03/7L63-543/7L63-543_A019_C001_1103QA_F032098.jpg","ATCO-7L63-543-A019_C001_1103QA-F032098","7L63-543|A019_C001_1103QA|32098|7L63-543_A019_C001_1103QA_F032098.jpg","POC_Image_Manifest.csv","4"
"7L63","7L63-543","2025-11-03","A019_C001_1103QA","32200","7L63-543_A019_C001_1103QA_F032200.jpg","D:\ATCO Demo\ATCO_POC_STRUCTURE_EXPORTS\7L63\7L63-543\7L63-543_A019_C001_1103QA_F032200.jpg","32016","33199","HIGH","POC_SELECTED","Selected for ATCO 7L63 POC; uploaded to S3","true","asset-mapping-poc/demo-utility/ATCO/7L63/2025-11-03/7L63-543/7L63-543_A019_C001_1103QA_F032200.jpg","ATCO-7L63-543-A019_C001_1103QA-F032200","7L63-543|A019_C001_1103QA|32200|7L63-543_A019_C001_1103QA_F032200.jpg","POC_Image_Manifest.csv","5"
"7L63","7L63-543","2025-11-03","A019_C001_1103QA","32214","7L63-543_A019_C001_1103QA_F032214.jpg","D:\ATCO Demo\ATCO_POC_STRUCTURE_EXPORTS\7L63\7L63-543\7L63-543_A019_C001_1103QA_F032214.jpg","32016","33199","HIGH","POC_SELECTED","Selected for ATCO 7L63 POC; uploaded to S3","true","asset-mapping-poc/demo-utility/ATCO/7L63/2025-11-03/7L63-543/7L63-543_A019_C001_1103QA_F032214.jpg","ATCO-7L63-543-A019_C001_1103QA-F032214","7L63-543|A019_C001_1103QA|32214|7L63-543_A019_C001_1103QA_F032214.jpg","POC_Image_Manifest.csv","6"
"7L63","7L63-543","2025-11-03","A019_C001_1103QA","32235","7L63-543_A019_C001_1103QA_F032235.jpg","D:\ATCO Demo\ATCO_POC_STRUCTURE_EXPORTS\7L63\7L63-543\7L63-543_A019_C001_1103QA_F032235.jpg","32016","33199","HIGH","POC_SELECTED","Selected for ATCO 7L63 POC; uploaded to S3","true","asset-mapping-poc/demo-utility/ATCO/7L63/2025-11-03/7L63-543/7L63-543_A019_C001_1103QA_F032235.jpg","ATCO-7L63-543-A019_C001_1103QA-F032235","7L63-543|A019_C001_1103QA|32235|7L63-543_A019_C001_1103QA_F032235.jpg","POC_Image_Manifest.csv","7"
"7L63","7L63-543","2025-11-03","A019_C001_1103QA","32250","7L63-543_A019_C001_1103QA_F032250.jpg","D:\ATCO Demo\ATCO_POC_STRUCTURE_EXPORTS\7L63\7L63-543\7L63-543_A019_C001_1103QA_F032250.jpg","32016","33199","HIGH","POC_SELECTED","Selected for ATCO 7L63 POC; uploaded to S3","true","asset-mapping-poc/demo-utility/ATCO/7L63/2025-11-03/7L63-543/7L63-543_A019_C001_1103QA_F032250.jpg","ATCO-7L63-543-A019_C001_1103QA-F032250","7L63-543|A019_C001_1103QA|32250|7L63-543_A019_C001_1103QA_F032250.jpg","POC_Image_Manifest.csv","8"
"7L63","7L63-543","2025-11-03","A019_C001_1103QA","32277","7L63-543_A019_C001_1103QA_F032277.jpg","D:\ATCO Demo\ATCO_POC_STRUCTURE_EXPORTS\7L63\7L63-543\7L63-543_A019_C001_1103QA_F032277.jpg","32016","33199","HIGH","POC_SELECTED","Selected for ATCO 7L63 POC; uploaded to S3","true","asset-mapping-poc/demo-utility/ATCO/7L63/2025-11-03/7L63-543/7L63-543_A019_C001_1103QA_F032277.jpg","ATCO-7L63-543-A019_C001_1103QA-F032277","7L63-543|A019_C001_1103QA|32277|7L63-543_A019_C001_1103QA_F032277.jpg","POC_Image_Manifest.csv","9"
"7L63","7L63-543","2025-11-03","A019_C001_1103QA","32345","7L63-543_A019_C001_1103QA_F032345.jpg","D:\ATCO Demo\ATCO_POC_STRUCTURE_EXPORTS\7L63\7L63-543\7L63-543_A019_C001_1103QA_F032345.jpg","32016","33199","HIGH","POC_SELECTED","Selected for ATCO 7L63 POC; uploaded to S3","true","asset-mapping-poc/demo-utility/ATCO/7L63/2025-11-03/7L63-543/7L63-543_A019_C001_1103QA_F032345.jpg","ATCO-7L63-543-A019_C001_1103QA-F032345","7L63-543|A019_C001_1103QA|32345|7L63-543_A019_C001_1103QA_F032345.jpg","POC_Image_Manifest.csv","10"
"7L63","7L63-543","2025-11-03","A019_C001_1103QA","32371","7L63-543_A019_C001_1103QA_F032371.jpg","D:\ATCO Demo\ATCO_POC_STRUCTURE_EXPORTS\7L63\7L63-543\7L63-543_A019_C001_1103QA_F032371.jpg","32016","33199","HIGH","POC_SELECTED","Selected for ATCO 7L63 POC; uploaded to S3","true","asset-mapping-poc/demo-utility/ATCO/7L63/2025-11-03/7L63-543/7L63-543_A019_C001_1103QA_F032371.jpg","ATCO-7L63-543-A019_C001_1103QA-F032371","7L63-543|A019_C001_1103QA|32371|7L63-543_A019_C001_1103QA_F032371.jpg","POC_Image_Manifest.csv","11"
"7L63","7L63-543","2025-11-03","A019_C001_1103QA","32440","7L63-543_A019_C001_1103QA_F032440.jpg","D:\ATCO Demo\ATCO_POC_STRUCTURE_EXPORTS\7L63\7L63-543\7L63-543_A019_C001_1103QA_F032440.jpg","32016","33199","HIGH","POC_SELECTED","Selected for ATCO 7L63 POC; uploaded to S3","true","asset-mapping-poc/demo-utility/ATCO/7L63/2025-11-03/7L63-543/7L63-543_A019_C001_1103QA_F032440.jpg","ATCO-7L63-543-A019_C001_1103QA-F032440","7L63-543|A019_C001_1103QA|32440|7L63-543_A019_C001_1103QA_F032440.jpg","POC_Image_Manifest.csv","12"
"7L63","7L63-543","2025-11-03","A019_C001_1103QA","32454","7L63-543_A019_C001_1103QA_F032454.jpg","D:\ATCO Demo\ATCO_POC_STRUCTURE_EXPORTS\7L63\7L63-543\7L63-543_A019_C001_1103QA_F032454.jpg","32016","33199","HIGH","POC_SELECTED","Selected for ATCO 7L63 POC; uploaded to S3","true","asset-mapping-poc/demo-utility/ATCO/7L63/2025-11-03/7L63-543/7L63-543_A019_C001_1103QA_F032454.jpg","ATCO-7L63-543-A019_C001_1103QA-F032454","7L63-543|A019_C001_1103QA|32454|7L63-543_A019_C001_1103QA_F032454.jpg","POC_Image_Manifest.csv","13"
"7L63","7L63-543","2025-11-03","A019_C001_1103QA","32488","7L63-543_A019_C001_1103QA_F032488.jpg","D:\ATCO Demo\ATCO_POC_STRUCTURE_EXPORTS\7L63\7L63-543\7L63-543_A019_C001_1103QA_F032488.jpg","32016","33199","HIGH","POC_SELECTED","Selected for ATCO 7L63 POC; uploaded to S3","true","asset-mapping-poc/demo-utility/ATCO/7L63/2025-11-03/7L63-543/7L63-543_A019_C001_1103QA_F032488.jpg","ATCO-7L63-543-A019_C001_1103QA-F032488","7L63-543|A019_C001_1103QA|32488|7L63-543_A019_C001_1103QA_F032488.jpg","POC_Image_Manifest.csv","14"
"7L63","7L63-543","2025-11-03","A019_C001_1103QA","32524","7L63-543_A019_C001_1103QA_F032524.jpg","D:\ATCO Demo\ATCO_POC_STRUCTURE_EXPORTS\7L63\7L63-543\7L63-543_A019_C001_1103QA_F032524.jpg","32016","33199","HIGH","POC_SELECTED","Selected for ATCO 7L63 POC; uploaded to S3","true","asset-mapping-poc/demo-utility/ATCO/7L63/2025-11-03/7L63-543/7L63-543_A019_C001_1103QA_F032524.jpg","ATCO-7L63-543-A019_C001_1103QA-F032524","7L63-543|A019_C001_1103QA|32524|7L63-543_A019_C001_1103QA_F032524.jpg","POC_Image_Manifest.csv","15"
"7L63","7L63-543","2025-11-03","A019_C001_1103QA","32550","7L63-543_A019_C001_1103QA_F032550.jpg","D:\ATCO Demo\ATCO_POC_STRUCTURE_EXPORTS\7L63\7L63-543\7L63-543_A019_C001_1103QA_F032550.jpg","32016","33199","HIGH","POC_SELECTED","Selected for ATCO 7L63 POC; uploaded to S3","true","asset-mapping-poc/demo-utility/ATCO/7L63/2025-11-03/7L63-543/7L63-543_A019_C001_1103QA_F032550.jpg","ATCO-7L63-543-A019_C001_1103QA-F032550","7L63-543|A019_C001_1103QA|32550|7L63-543_A019_C001_1103QA_F032550.jpg","POC_Image_Manifest.csv","16"
"7L63","7L63-543","2025-11-03","A019_C001_1103QA","32569","7L63-543_A019_C001_1103QA_F032569.jpg","D:\ATCO Demo\ATCO_POC_STRUCTURE_EXPORTS\7L63\7L63-543\7L63-543_A019_C001_1103QA_F032569.jpg","32016","33199","HIGH","POC_SELECTED","Selected for ATCO 7L63 POC; uploaded to S3","true","asset-mapping-poc/demo-utility/ATCO/7L63/2025-11-03/7L63-543/7L63-543_A019_C001_1103QA_F032569.jpg","ATCO-7L63-543-A019_C001_1103QA-F032569","7L63-543|A019_C001_1103QA|32569|7L63-543_A019_C001_1103QA_F032569.jpg","POC_Image_Manifest.csv","17"
"7L63","7L63-543","2025-11-03","A019_C001_1103QA","32769","7L63-543_A019_C001_1103QA_F032769.jpg","D:\ATCO Demo\ATCO_POC_STRUCTURE_EXPORTS\7L63\7L63-543\7L63-543_A019_C001_1103QA_F032769.jpg","32016","33199","HIGH","POC_SELECTED","Selected for ATCO 7L63 POC; uploaded to S3","true","asset-mapping-poc/demo-utility/ATCO/7L63/2025-11-03/7L63-543/7L63-543_A019_C001_1103QA_F032769.jpg","ATCO-7L63-543-A019_C001_1103QA-F032769","7L63-543|A019_C001_1103QA|32769|7L63-543_A019_C001_1103QA_F032769.jpg","POC_Image_Manifest.csv","18"
"7L63","7L63-543","2025-11-03","A019_C001_1103QA","32814","7L63-543_A019_C001_1103QA_F032814.jpg","D:\ATCO Demo\ATCO_POC_STRUCTURE_EXPORTS\7L63\7L63-543\7L63-543_A019_C001_1103QA_F032814.jpg","32016","33199","HIGH","POC_SELECTED","Selected for ATCO 7L63 POC; uploaded to S3","true","asset-mapping-poc/demo-utility/ATCO/7L63/2025-11-03/7L63-543/7L63-543_A019_C001_1103QA_F032814.jpg","ATCO-7L63-543-A019_C001_1103QA-F032814","7L63-543|A019_C001_1103QA|32814|7L63-543_A019_C001_1103QA_F032814.jpg","POC_Image_Manifest.csv","19"
"7L63","7L63-543","2025-11-03","A019_C001_1103QA","32836","7L63-543_A019_C001_1103QA_F032836.jpg","D:\ATCO Demo\ATCO_POC_STRUCTURE_EXPORTS\7L63\7L63-543\7L63-543_A019_C001_1103QA_F032836.jpg","32016","33199","HIGH","POC_SELECTED","Selected for ATCO 7L63 POC; uploaded to S3","true","asset-mapping-poc/demo-utility/ATCO/7L63/2025-11-03/7L63-543/7L63-543_A019_C001_1103QA_F032836.jpg","ATCO-7L63-543-A019_C001_1103QA-F032836","7L63-543|A019_C001_1103QA|32836|7L63-543_A019_C001_1103QA_F032836.jpg","POC_Image_Manifest.csv","20"
"7L63","7L63-543","2025-11-03","A019_C001_1103QA","32851","7L63-543_A019_C001_1103QA_F032851.jpg","D:\ATCO Demo\ATCO_POC_STRUCTURE_EXPORTS\7L63\7L63-543\7L63-543_A019_C001_1103QA_F032851.jpg","32016","33199","HIGH","POC_SELECTED","Selected for ATCO 7L63 POC; uploaded to S3","true","asset-mapping-poc/demo-utility/ATCO/7L63/2025-11-03/7L63-543/7L63-543_A019_C001_1103QA_F032851.jpg","ATCO-7L63-543-A019_C001_1103QA-F032851","7L63-543|A019_C001_1103QA|32851|7L63-543_A019_C001_1103QA_F032851.jpg","POC_Image_Manifest.csv","21"
"7L63","7L63-543","2025-11-03","A019_C001_1103QA","32883","7L63-543_A019_C001_1103QA_F032883.jpg","D:\ATCO Demo\ATCO_POC_STRUCTURE_EXPORTS\7L63\7L63-543\7L63-543_A019_C001_1103QA_F032883.jpg","32016","33199","HIGH","POC_SELECTED","Selected for ATCO 7L63 POC; uploaded to S3","true","asset-mapping-poc/demo-utility/ATCO/7L63/2025-11-03/7L63-543/7L63-543_A019_C001_1103QA_F032883.jpg","ATCO-7L63-543-A019_C001_1103QA-F032883","7L63-543|A019_C001_1103QA|32883|7L63-543_A019_C001_1103QA_F032883.jpg","POC_Image_Manifest.csv","22"
"7L63","7L63-543","2025-11-03","A019_C001_1103QA","32901","7L63-543_A019_C001_1103QA_F032901.jpg","D:\ATCO Demo\ATCO_POC_STRUCTURE_EXPORTS\7L63\7L63-543\7L63-543_A019_C001_1103QA_F032901.jpg","32016","33199","HIGH","POC_SELECTED","Selected for ATCO 7L63 POC; uploaded to S3","true","asset-mapping-poc/demo-utility/ATCO/7L63/2025-11-03/7L63-543/7L63-543_A019_C001_1103QA_F032901.jpg","ATCO-7L63-543-A019_C001_1103QA-F032901","7L63-543|A019_C001_1103QA|32901|7L63-543_A019_C001_1103QA_F032901.jpg","POC_Image_Manifest.csv","23"
"7L63","7L63-543","2025-11-03","A019_C001_1103QA","32924","7L63-543_A019_C001_1103QA_F032924.jpg","D:\ATCO Demo\ATCO_POC_STRUCTURE_EXPORTS\7L63\7L63-543\7L63-543_A019_C001_1103QA_F032924.jpg","32016","33199","HIGH","POC_SELECTED","Selected for ATCO 7L63 POC; uploaded to S3","true","asset-mapping-poc/demo-utility/ATCO/7L63/2025-11-03/7L63-543/7L63-543_A019_C001_1103QA_F032924.jpg","ATCO-7L63-543-A019_C001_1103QA-F032924","7L63-543|A019_C001_1103QA|32924|7L63-543_A019_C001_1103QA_F032924.jpg","POC_Image_Manifest.csv","24"
"7L63","7L63-543","2025-11-03","A019_C001_1103QA","32950","7L63-543_A019_C001_1103QA_F032950.jpg","D:\ATCO Demo\ATCO_POC_STRUCTURE_EXPORTS\7L63\7L63-543\7L63-543_A019_C001_1103QA_F032950.jpg","32016","33199","HIGH","POC_SELECTED","Selected for ATCO 7L63 POC; uploaded to S3","true","asset-mapping-poc/demo-utility/ATCO/7L63/2025-11-03/7L63-543/7L63-543_A019_C001_1103QA_F032950.jpg","ATCO-7L63-543-A019_C001_1103QA-F032950","7L63-543|A019_C001_1103QA|32950|7L63-543_A019_C001_1103QA_F032950.jpg","POC_Image_Manifest.csv","25"
"7L63","7L63-543","2025-11-03","A019_C001_1103QA","32984","7L63-543_A019_C001_1103QA_F032984.jpg","D:\ATCO Demo\ATCO_POC_STRUCTURE_EXPORTS\7L63\7L63-543\7L63-543_A019_C001_1103QA_F032984.jpg","32016","33199","HIGH","POC_SELECTED","Selected for ATCO 7L63 POC; uploaded to S3","true","asset-mapping-poc/demo-utility/ATCO/7L63/2025-11-03/7L63-543/7L63-543_A019_C001_1103QA_F032984.jpg","ATCO-7L63-543-A019_C001_1103QA-F032984","7L63-543|A019_C001_1103QA|32984|7L63-543_A019_C001_1103QA_F032984.jpg","POC_Image_Manifest.csv","26"
"7L63","7L63-543","2025-11-03","A019_C001_1103QA","33017","7L63-543_A019_C001_1103QA_F033017.jpg","D:\ATCO Demo\ATCO_POC_STRUCTURE_EXPORTS\7L63\7L63-543\7L63-543_A019_C001_1103QA_F033017.jpg","32016","33199","HIGH","POC_SELECTED","Selected for ATCO 7L63 POC; uploaded to S3","true","asset-mapping-poc/demo-utility/ATCO/7L63/2025-11-03/7L63-543/7L63-543_A019_C001_1103QA_F033017.jpg","ATCO-7L63-543-A019_C001_1103QA-F033017","7L63-543|A019_C001_1103QA|33017|7L63-543_A019_C001_1103QA_F033017.jpg","POC_Image_Manifest.csv","27"
"7L63","7L63-543","2025-11-03","A019_C001_1103QA","33044","7L63-543_A019_C001_1103QA_F033044.jpg","D:\ATCO Demo\ATCO_POC_STRUCTURE_EXPORTS\7L63\7L63-543\7L63-543_A019_C001_1103QA_F033044.jpg","32016","33199","HIGH","POC_SELECTED","Selected for ATCO 7L63 POC; uploaded to S3","true","asset-mapping-poc/demo-utility/ATCO/7L63/2025-11-03/7L63-543/7L63-543_A019_C001_1103QA_F033044.jpg","ATCO-7L63-543-A019_C001_1103QA-F033044","7L63-543|A019_C001_1103QA|33044|7L63-543_A019_C001_1103QA_F033044.jpg","POC_Image_Manifest.csv","28"
"7L63","7L63-543","2025-11-03","A019_C001_1103QA","33064","7L63-543_A019_C001_1103QA_F033064.jpg","D:\ATCO Demo\ATCO_POC_STRUCTURE_EXPORTS\7L63\7L63-543\7L63-543_A019_C001_1103QA_F033064.jpg","32016","33199","HIGH","POC_SELECTED","Selected for ATCO 7L63 POC; uploaded to S3","true","asset-mapping-poc/demo-utility/ATCO/7L63/2025-11-03/7L63-543/7L63-543_A019_C001_1103QA_F033064.jpg","ATCO-7L63-543-A019_C001_1103QA-F033064","7L63-543|A019_C001_1103QA|33064|7L63-543_A019_C001_1103QA_F033064.jpg","POC_Image_Manifest.csv","29"
"7L63","7L63-543","2025-11-03","A019_C001_1103QA","33172","7L63-543_A019_C001_1103QA_F033172.jpg","D:\ATCO Demo\ATCO_POC_STRUCTURE_EXPORTS\7L63\7L63-543\7L63-543_A019_C001_1103QA_F033172.jpg","32016","33199","HIGH","POC_SELECTED","Selected for ATCO 7L63 POC; uploaded to S3","true","asset-mapping-poc/demo-utility/ATCO/7L63/2025-11-03/7L63-543/7L63-543_A019_C001_1103QA_F033172.jpg","ATCO-7L63-543-A019_C001_1103QA-F033172","7L63-543|A019_C001_1103QA|33172|7L63-543_A019_C001_1103QA_F033172.jpg","POC_Image_Manifest.csv","30"
"7L63","7L63-546","2025-11-03","A019_C001_1103QA","10762","7L63-546_A019_C001_1103QA_F010762.jpg","D:\ATCO Demo\ATCO_POC_STRUCTURE_EXPORTS\7L63\7L63-546\7L63-546_A019_C001_1103QA_F010762.jpg","10717","12618","HIGH","POC_SELECTED","Selected for ATCO 7L63 POC; uploaded to S3","true","asset-mapping-poc/demo-utility/ATCO/7L63/2025-11-03/7L63-546/7L63-546_A019_C001_1103QA_F010762.jpg","ATCO-7L63-546-A019_C001_1103QA-F010762","7L63-546|A019_C001_1103QA|10762|7L63-546_A019_C001_1103QA_F010762.jpg","POC_Image_Manifest.csv","64"
"7L63","7L63-546","2025-11-03","A019_C001_1103QA","10776","7L63-546_A019_C001_1103QA_F010776.jpg","D:\ATCO Demo\ATCO_POC_STRUCTURE_EXPORTS\7L63\7L63-546\7L63-546_A019_C001_1103QA_F010776.jpg","10717","12618","HIGH","POC_SELECTED","Selected for ATCO 7L63 POC; uploaded to S3","true","asset-mapping-poc/demo-utility/ATCO/7L63/2025-11-03/7L63-546/7L63-546_A019_C001_1103QA_F010776.jpg","ATCO-7L63-546-A019_C001_1103QA-F010776","7L63-546|A019_C001_1103QA|10776|7L63-546_A019_C001_1103QA_F010776.jpg","POC_Image_Manifest.csv","65"
"7L63","7L63-546","2025-11-03","A019_C001_1103QA","10913","7L63-546_A019_C001_1103QA_F010913.jpg","D:\ATCO Demo\ATCO_POC_STRUCTURE_EXPORTS\7L63\7L63-546\7L63-546_A019_C001_1103QA_F010913.jpg","10717","12618","HIGH","POC_SELECTED","Selected for ATCO 7L63 POC; uploaded to S3","true","asset-mapping-poc/demo-utility/ATCO/7L63/2025-11-03/7L63-546/7L63-546_A019_C001_1103QA_F010913.jpg","ATCO-7L63-546-A019_C001_1103QA-F010913","7L63-546|A019_C001_1103QA|10913|7L63-546_A019_C001_1103QA_F010913.jpg","POC_Image_Manifest.csv","66"
"7L63","7L63-546","2025-11-03","A019_C001_1103QA","10947","7L63-546_A019_C001_1103QA_F010947.jpg","D:\ATCO Demo\ATCO_POC_STRUCTURE_EXPORTS\7L63\7L63-546\7L63-546_A019_C001_1103QA_F010947.jpg","10717","12618","HIGH","POC_SELECTED","Selected for ATCO 7L63 POC; uploaded to S3","true","asset-mapping-poc/demo-utility/ATCO/7L63/2025-11-03/7L63-546/7L63-546_A019_C001_1103QA_F010947.jpg","ATCO-7L63-546-A019_C001_1103QA-F010947","7L63-546|A019_C001_1103QA|10947|7L63-546_A019_C001_1103QA_F010947.jpg","POC_Image_Manifest.csv","67"
"7L63","7L63-546","2025-11-03","A019_C001_1103QA","10996","7L63-546_A019_C001_1103QA_F010996.jpg","D:\ATCO Demo\ATCO_POC_STRUCTURE_EXPORTS\7L63\7L63-546\7L63-546_A019_C001_1103QA_F010996.jpg","10717","12618","HIGH","POC_SELECTED","Selected for ATCO 7L63 POC; uploaded to S3","true","asset-mapping-poc/demo-utility/ATCO/7L63/2025-11-03/7L63-546/7L63-546_A019_C001_1103QA_F010996.jpg","ATCO-7L63-546-A019_C001_1103QA-F010996","7L63-546|A019_C001_1103QA|10996|7L63-546_A019_C001_1103QA_F010996.jpg","POC_Image_Manifest.csv","68"
"7L63","7L63-546","2025-11-03","A019_C001_1103QA","11016","7L63-546_A019_C001_1103QA_F011016.jpg","D:\ATCO Demo\ATCO_POC_STRUCTURE_EXPORTS\7L63\7L63-546\7L63-546_A019_C001_1103QA_F011016.jpg","10717","12618","HIGH","POC_SELECTED","Selected for ATCO 7L63 POC; uploaded to S3","true","asset-mapping-poc/demo-utility/ATCO/7L63/2025-11-03/7L63-546/7L63-546_A019_C001_1103QA_F011016.jpg","ATCO-7L63-546-A019_C001_1103QA-F011016","7L63-546|A019_C001_1103QA|11016|7L63-546_A019_C001_1103QA_F011016.jpg","POC_Image_Manifest.csv","69"
"7L63","7L63-546","2025-11-03","A019_C001_1103QA","11068","7L63-546_A019_C001_1103QA_F011068.jpg","D:\ATCO Demo\ATCO_POC_STRUCTURE_EXPORTS\7L63\7L63-546\7L63-546_A019_C001_1103QA_F011068.jpg","10717","12618","HIGH","POC_SELECTED","Selected for ATCO 7L63 POC; uploaded to S3","true","asset-mapping-poc/demo-utility/ATCO/7L63/2025-11-03/7L63-546/7L63-546_A019_C001_1103QA_F011068.jpg","ATCO-7L63-546-A019_C001_1103QA-F011068","7L63-546|A019_C001_1103QA|11068|7L63-546_A019_C001_1103QA_F011068.jpg","POC_Image_Manifest.csv","70"
"7L63","7L63-546","2025-11-03","A019_C001_1103QA","11084","7L63-546_A019_C001_1103QA_F011084.jpg","D:\ATCO Demo\ATCO_POC_STRUCTURE_EXPORTS\7L63\7L63-546\7L63-546_A019_C001_1103QA_F011084.jpg","10717","12618","HIGH","POC_SELECTED","Selected for ATCO 7L63 POC; uploaded to S3","true","asset-mapping-poc/demo-utility/ATCO/7L63/2025-11-03/7L63-546/7L63-546_A019_C001_1103QA_F011084.jpg","ATCO-7L63-546-A019_C001_1103QA-F011084","7L63-546|A019_C001_1103QA|11084|7L63-546_A019_C001_1103QA_F011084.jpg","POC_Image_Manifest.csv","71"
"7L63","7L63-546","2025-11-03","A019_C001_1103QA","11195","7L63-546_A019_C001_1103QA_F011195.jpg","D:\ATCO Demo\ATCO_POC_STRUCTURE_EXPORTS\7L63\7L63-546\7L63-546_A019_C001_1103QA_F011195.jpg","10717","12618","HIGH","POC_SELECTED","Selected for ATCO 7L63 POC; uploaded to S3","true","asset-mapping-poc/demo-utility/ATCO/7L63/2025-11-03/7L63-546/7L63-546_A019_C001_1103QA_F011195.jpg","ATCO-7L63-546-A019_C001_1103QA-F011195","7L63-546|A019_C001_1103QA|11195|7L63-546_A019_C001_1103QA_F011195.jpg","POC_Image_Manifest.csv","72"
"7L63","7L63-546","2025-11-03","A019_C001_1103QA","11239","7L63-546_A019_C001_1103QA_F011239.jpg","D:\ATCO Demo\ATCO_POC_STRUCTURE_EXPORTS\7L63\7L63-546\7L63-546_A019_C001_1103QA_F011239.jpg","10717","12618","HIGH","POC_SELECTED","Selected for ATCO 7L63 POC; uploaded to S3","true","asset-mapping-poc/demo-utility/ATCO/7L63/2025-11-03/7L63-546/7L63-546_A019_C001_1103QA_F011239.jpg","ATCO-7L63-546-A019_C001_1103QA-F011239","7L63-546|A019_C001_1103QA|11239|7L63-546_A019_C001_1103QA_F011239.jpg","POC_Image_Manifest.csv","73"
"7L63","7L63-546","2025-11-03","A019_C001_1103QA","11269","7L63-546_A019_C001_1103QA_F011269.jpg","D:\ATCO Demo\ATCO_POC_STRUCTURE_EXPORTS\7L63\7L63-546\7L63-546_A019_C001_1103QA_F011269.jpg","10717","12618","HIGH","POC_SELECTED","Selected for ATCO 7L63 POC; uploaded to S3","true","asset-mapping-poc/demo-utility/ATCO/7L63/2025-11-03/7L63-546/7L63-546_A019_C001_1103QA_F011269.jpg","ATCO-7L63-546-A019_C001_1103QA-F011269","7L63-546|A019_C001_1103QA|11269|7L63-546_A019_C001_1103QA_F011269.jpg","POC_Image_Manifest.csv","74"
"7L63","7L63-546","2025-11-03","A019_C001_1103QA","11329","7L63-546_A019_C001_1103QA_F011329.jpg","D:\ATCO Demo\ATCO_POC_STRUCTURE_EXPORTS\7L63\7L63-546\7L63-546_A019_C001_1103QA_F011329.jpg","10717","12618","HIGH","POC_SELECTED","Selected for ATCO 7L63 POC; uploaded to S3","true","asset-mapping-poc/demo-utility/ATCO/7L63/2025-11-03/7L63-546/7L63-546_A019_C001_1103QA_F011329.jpg","ATCO-7L63-546-A019_C001_1103QA-F011329","7L63-546|A019_C001_1103QA|11329|7L63-546_A019_C001_1103QA_F011329.jpg","POC_Image_Manifest.csv","75"
"7L63","7L63-546","2025-11-03","A019_C001_1103QA","11885","7L63-546_A019_C001_1103QA_F011885.jpg","D:\ATCO Demo\ATCO_POC_STRUCTURE_EXPORTS\7L63\7L63-546\7L63-546_A019_C001_1103QA_F011885.jpg","10717","12618","HIGH","POC_SELECTED","Selected for ATCO 7L63 POC; uploaded to S3","true","asset-mapping-poc/demo-utility/ATCO/7L63/2025-11-03/7L63-546/7L63-546_A019_C001_1103QA_F011885.jpg","ATCO-7L63-546-A019_C001_1103QA-F011885","7L63-546|A019_C001_1103QA|11885|7L63-546_A019_C001_1103QA_F011885.jpg","POC_Image_Manifest.csv","76"
"7L63","7L63-546","2025-11-03","A019_C001_1103QA","11911","7L63-546_A019_C001_1103QA_F011911.jpg","D:\ATCO Demo\ATCO_POC_STRUCTURE_EXPORTS\7L63\7L63-546\7L63-546_A019_C001_1103QA_F011911.jpg","10717","12618","HIGH","POC_SELECTED","Selected for ATCO 7L63 POC; uploaded to S3","true","asset-mapping-poc/demo-utility/ATCO/7L63/2025-11-03/7L63-546/7L63-546_A019_C001_1103QA_F011911.jpg","ATCO-7L63-546-A019_C001_1103QA-F011911","7L63-546|A019_C001_1103QA|11911|7L63-546_A019_C001_1103QA_F011911.jpg","POC_Image_Manifest.csv","77"
"7L63","7L63-546","2025-11-03","A019_C001_1103QA","11944","7L63-546_A019_C001_1103QA_F011944.jpg","D:\ATCO Demo\ATCO_POC_STRUCTURE_EXPORTS\7L63\7L63-546\7L63-546_A019_C001_1103QA_F011944.jpg","10717","12618","HIGH","POC_SELECTED","Selected for ATCO 7L63 POC; uploaded to S3","true","asset-mapping-poc/demo-utility/ATCO/7L63/2025-11-03/7L63-546/7L63-546_A019_C001_1103QA_F011944.jpg","ATCO-7L63-546-A019_C001_1103QA-F011944","7L63-546|A019_C001_1103QA|11944|7L63-546_A019_C001_1103QA_F011944.jpg","POC_Image_Manifest.csv","78"
"7L63","7L63-546","2025-11-03","A019_C001_1103QA","11972","7L63-546_A019_C001_1103QA_F011972.jpg","D:\ATCO Demo\ATCO_POC_STRUCTURE_EXPORTS\7L63\7L63-546\7L63-546_A019_C001_1103QA_F011972.jpg","10717","12618","HIGH","POC_SELECTED","Selected for ATCO 7L63 POC; uploaded to S3","true","asset-mapping-poc/demo-utility/ATCO/7L63/2025-11-03/7L63-546/7L63-546_A019_C001_1103QA_F011972.jpg","ATCO-7L63-546-A019_C001_1103QA-F011972","7L63-546|A019_C001_1103QA|11972|7L63-546_A019_C001_1103QA_F011972.jpg","POC_Image_Manifest.csv","79"
"7L63","7L63-546","2025-11-03","A019_C001_1103QA","12015","7L63-546_A019_C001_1103QA_F012015.jpg","D:\ATCO Demo\ATCO_POC_STRUCTURE_EXPORTS\7L63\7L63-546\7L63-546_A019_C001_1103QA_F012015.jpg","10717","12618","HIGH","POC_SELECTED","Selected for ATCO 7L63 POC; uploaded to S3","true","asset-mapping-poc/demo-utility/ATCO/7L63/2025-11-03/7L63-546/7L63-546_A019_C001_1103QA_F012015.jpg","ATCO-7L63-546-A019_C001_1103QA-F012015","7L63-546|A019_C001_1103QA|12015|7L63-546_A019_C001_1103QA_F012015.jpg","POC_Image_Manifest.csv","80"
"7L63","7L63-546","2025-11-03","A019_C001_1103QA","12061","7L63-546_A019_C001_1103QA_F012061.jpg","D:\ATCO Demo\ATCO_POC_STRUCTURE_EXPORTS\7L63\7L63-546\7L63-546_A019_C001_1103QA_F012061.jpg","10717","12618","HIGH","POC_SELECTED","Selected for ATCO 7L63 POC; uploaded to S3","true","asset-mapping-poc/demo-utility/ATCO/7L63/2025-11-03/7L63-546/7L63-546_A019_C001_1103QA_F012061.jpg","ATCO-7L63-546-A019_C001_1103QA-F012061","7L63-546|A019_C001_1103QA|12061|7L63-546_A019_C001_1103QA_F012061.jpg","POC_Image_Manifest.csv","81"
"7L63","7L63-546","2025-11-03","A019_C001_1103QA","12097","7L63-546_A019_C001_1103QA_F012097.jpg","D:\ATCO Demo\ATCO_POC_STRUCTURE_EXPORTS\7L63\7L63-546\7L63-546_A019_C001_1103QA_F012097.jpg","10717","12618","HIGH","POC_SELECTED","Selected for ATCO 7L63 POC; uploaded to S3","true","asset-mapping-poc/demo-utility/ATCO/7L63/2025-11-03/7L63-546/7L63-546_A019_C001_1103QA_F012097.jpg","ATCO-7L63-546-A019_C001_1103QA-F012097","7L63-546|A019_C001_1103QA|12097|7L63-546_A019_C001_1103QA_F012097.jpg","POC_Image_Manifest.csv","82"
"7L63","7L63-546","2025-11-03","A019_C001_1103QA","12161","7L63-546_A019_C001_1103QA_F012161.jpg","D:\ATCO Demo\ATCO_POC_STRUCTURE_EXPORTS\7L63\7L63-546\7L63-546_A019_C001_1103QA_F012161.jpg","10717","12618","HIGH","POC_SELECTED","Selected for ATCO 7L63 POC; uploaded to S3","true","asset-mapping-poc/demo-utility/ATCO/7L63/2025-11-03/7L63-546/7L63-546_A019_C001_1103QA_F012161.jpg","ATCO-7L63-546-A019_C001_1103QA-F012161","7L63-546|A019_C001_1103QA|12161|7L63-546_A019_C001_1103QA_F012161.jpg","POC_Image_Manifest.csv","83"
"7L63","7L63-546","2025-11-03","A019_C001_1103QA","12177","7L63-546_A019_C001_1103QA_F012177.jpg","D:\ATCO Demo\ATCO_POC_STRUCTURE_EXPORTS\7L63\7L63-546\7L63-546_A019_C001_1103QA_F012177.jpg","10717","12618","HIGH","POC_SELECTED","Selected for ATCO 7L63 POC; uploaded to S3","true","asset-mapping-poc/demo-utility/ATCO/7L63/2025-11-03/7L63-546/7L63-546_A019_C001_1103QA_F012177.jpg","ATCO-7L63-546-A019_C001_1103QA-F012177","7L63-546|A019_C001_1103QA|12177|7L63-546_A019_C001_1103QA_F012177.jpg","POC_Image_Manifest.csv","84"
"7L63","7L63-546","2025-11-03","A019_C001_1103QA","12250","7L63-546_A019_C001_1103QA_F012250.jpg","D:\ATCO Demo\ATCO_POC_STRUCTURE_EXPORTS\7L63\7L63-546\7L63-546_A019_C001_1103QA_F012250.jpg","10717","12618","HIGH","POC_SELECTED","Selected for ATCO 7L63 POC; uploaded to S3","true","asset-mapping-poc/demo-utility/ATCO/7L63/2025-11-03/7L63-546/7L63-546_A019_C001_1103QA_F012250.jpg","ATCO-7L63-546-A019_C001_1103QA-F012250","7L63-546|A019_C001_1103QA|12250|7L63-546_A019_C001_1103QA_F012250.jpg","POC_Image_Manifest.csv","85"
"7L63","7L63-546","2025-11-03","A019_C001_1103QA","12275","7L63-546_A019_C001_1103QA_F012275.jpg","D:\ATCO Demo\ATCO_POC_STRUCTURE_EXPORTS\7L63\7L63-546\7L63-546_A019_C001_1103QA_F012275.jpg","10717","12618","HIGH","POC_SELECTED","Selected for ATCO 7L63 POC; uploaded to S3","true","asset-mapping-poc/demo-utility/ATCO/7L63/2025-11-03/7L63-546/7L63-546_A019_C001_1103QA_F012275.jpg","ATCO-7L63-546-A019_C001_1103QA-F012275","7L63-546|A019_C001_1103QA|12275|7L63-546_A019_C001_1103QA_F012275.jpg","POC_Image_Manifest.csv","86"
"7L63","7L63-546","2025-11-03","A019_C001_1103QA","12613","7L63-546_A019_C001_1103QA_F012613.jpg","D:\ATCO Demo\ATCO_POC_STRUCTURE_EXPORTS\7L63\7L63-546\7L63-546_A019_C001_1103QA_F012613.jpg","10717","12618","HIGH","POC_SELECTED","Selected for ATCO 7L63 POC; uploaded to S3","true","asset-mapping-poc/demo-utility/ATCO/7L63/2025-11-03/7L63-546/7L63-546_A019_C001_1103QA_F012613.jpg","ATCO-7L63-546-A019_C001_1103QA-F012613","7L63-546|A019_C001_1103QA|12613|7L63-546_A019_C001_1103QA_F012613.jpg","POC_Image_Manifest.csv","87"
"7L63","7L63-547","2025-11-03","A019_C001_1103QA","8769","7L63-547_A019_C001_1103QA_F008769.jpg","D:\ATCO Demo\ATCO_POC_STRUCTURE_EXPORTS\7L63\7L63-547\7L63-547_A019_C001_1103QA_F008769.jpg","8763","10598","HIGH","POC_SELECTED","Selected for ATCO 7L63 POC; uploaded to S3","true","asset-mapping-poc/demo-utility/ATCO/7L63/2025-11-03/7L63-547/7L63-547_A019_C001_1103QA_F008769.jpg","ATCO-7L63-547-A019_C001_1103QA-F008769","7L63-547|A019_C001_1103QA|8769|7L63-547_A019_C001_1103QA_F008769.jpg","POC_Image_Manifest.csv","88"
"7L63","7L63-547","2025-11-03","A019_C001_1103QA","8804","7L63-547_A019_C001_1103QA_F008804.jpg","D:\ATCO Demo\ATCO_POC_STRUCTURE_EXPORTS\7L63\7L63-547\7L63-547_A019_C001_1103QA_F008804.jpg","8763","10598","HIGH","POC_SELECTED","Selected for ATCO 7L63 POC; uploaded to S3","true","asset-mapping-poc/demo-utility/ATCO/7L63/2025-11-03/7L63-547/7L63-547_A019_C001_1103QA_F008804.jpg","ATCO-7L63-547-A019_C001_1103QA-F008804","7L63-547|A019_C001_1103QA|8804|7L63-547_A019_C001_1103QA_F008804.jpg","POC_Image_Manifest.csv","89"
"7L63","7L63-547","2025-11-03","A019_C001_1103QA","8935","7L63-547_A019_C001_1103QA_F008935.jpg","D:\ATCO Demo\ATCO_POC_STRUCTURE_EXPORTS\7L63\7L63-547\7L63-547_A019_C001_1103QA_F008935.jpg","8763","10598","HIGH","POC_SELECTED","Selected for ATCO 7L63 POC; uploaded to S3","true","asset-mapping-poc/demo-utility/ATCO/7L63/2025-11-03/7L63-547/7L63-547_A019_C001_1103QA_F008935.jpg","ATCO-7L63-547-A019_C001_1103QA-F008935","7L63-547|A019_C001_1103QA|8935|7L63-547_A019_C001_1103QA_F008935.jpg","POC_Image_Manifest.csv","90"
"7L63","7L63-547","2025-11-03","A019_C001_1103QA","8974","7L63-547_A019_C001_1103QA_F008974.jpg","D:\ATCO Demo\ATCO_POC_STRUCTURE_EXPORTS\7L63\7L63-547\7L63-547_A019_C001_1103QA_F008974.jpg","8763","10598","HIGH","POC_SELECTED","Selected for ATCO 7L63 POC; uploaded to S3","true","asset-mapping-poc/demo-utility/ATCO/7L63/2025-11-03/7L63-547/7L63-547_A019_C001_1103QA_F008974.jpg","ATCO-7L63-547-A019_C001_1103QA-F008974","7L63-547|A019_C001_1103QA|8974|7L63-547_A019_C001_1103QA_F008974.jpg","POC_Image_Manifest.csv","91"
"7L63","7L63-547","2025-11-03","A019_C001_1103QA","8992","7L63-547_A019_C001_1103QA_F008992.jpg","D:\ATCO Demo\ATCO_POC_STRUCTURE_EXPORTS\7L63\7L63-547\7L63-547_A019_C001_1103QA_F008992.jpg","8763","10598","HIGH","POC_SELECTED","Selected for ATCO 7L63 POC; uploaded to S3","true","asset-mapping-poc/demo-utility/ATCO/7L63/2025-11-03/7L63-547/7L63-547_A019_C001_1103QA_F008992.jpg","ATCO-7L63-547-A019_C001_1103QA-F008992","7L63-547|A019_C001_1103QA|8992|7L63-547_A019_C001_1103QA_F008992.jpg","POC_Image_Manifest.csv","92"
"7L63","7L63-547","2025-11-03","A019_C001_1103QA","9028","7L63-547_A019_C001_1103QA_F009028.jpg","D:\ATCO Demo\ATCO_POC_STRUCTURE_EXPORTS\7L63\7L63-547\7L63-547_A019_C001_1103QA_F009028.jpg","8763","10598","HIGH","POC_SELECTED","Selected for ATCO 7L63 POC; uploaded to S3","true","asset-mapping-poc/demo-utility/ATCO/7L63/2025-11-03/7L63-547/7L63-547_A019_C001_1103QA_F009028.jpg","ATCO-7L63-547-A019_C001_1103QA-F009028","7L63-547|A019_C001_1103QA|9028|7L63-547_A019_C001_1103QA_F009028.jpg","POC_Image_Manifest.csv","93"
"7L63","7L63-547","2025-11-03","A019_C001_1103QA","9090","7L63-547_A019_C001_1103QA_F009090.jpg","D:\ATCO Demo\ATCO_POC_STRUCTURE_EXPORTS\7L63\7L63-547\7L63-547_A019_C001_1103QA_F009090.jpg","8763","10598","HIGH","POC_SELECTED","Selected for ATCO 7L63 POC; uploaded to S3","true","asset-mapping-poc/demo-utility/ATCO/7L63/2025-11-03/7L63-547/7L63-547_A019_C001_1103QA_F009090.jpg","ATCO-7L63-547-A019_C001_1103QA-F009090","7L63-547|A019_C001_1103QA|9090|7L63-547_A019_C001_1103QA_F009090.jpg","POC_Image_Manifest.csv","94"
"7L63","7L63-547","2025-11-03","A019_C001_1103QA","9104","7L63-547_A019_C001_1103QA_F009104.jpg","D:\ATCO Demo\ATCO_POC_STRUCTURE_EXPORTS\7L63\7L63-547\7L63-547_A019_C001_1103QA_F009104.jpg","8763","10598","HIGH","POC_SELECTED","Selected for ATCO 7L63 POC; uploaded to S3","true","asset-mapping-poc/demo-utility/ATCO/7L63/2025-11-03/7L63-547/7L63-547_A019_C001_1103QA_F009104.jpg","ATCO-7L63-547-A019_C001_1103QA-F009104","7L63-547|A019_C001_1103QA|9104|7L63-547_A019_C001_1103QA_F009104.jpg","POC_Image_Manifest.csv","95"
"7L63","7L63-547","2025-11-03","A019_C001_1103QA","9136","7L63-547_A019_C001_1103QA_F009136.jpg","D:\ATCO Demo\ATCO_POC_STRUCTURE_EXPORTS\7L63\7L63-547\7L63-547_A019_C001_1103QA_F009136.jpg","8763","10598","HIGH","POC_SELECTED","Selected for ATCO 7L63 POC; uploaded to S3","true","asset-mapping-poc/demo-utility/ATCO/7L63/2025-11-03/7L63-547/7L63-547_A019_C001_1103QA_F009136.jpg","ATCO-7L63-547-A019_C001_1103QA-F009136","7L63-547|A019_C001_1103QA|9136|7L63-547_A019_C001_1103QA_F009136.jpg","POC_Image_Manifest.csv","96"
"7L63","7L63-547","2025-11-03","A019_C001_1103QA","9219","7L63-547_A019_C001_1103QA_F009219.jpg","D:\ATCO Demo\ATCO_POC_STRUCTURE_EXPORTS\7L63\7L63-547\7L63-547_A019_C001_1103QA_F009219.jpg","8763","10598","HIGH","POC_SELECTED","Selected for ATCO 7L63 POC; uploaded to S3","true","asset-mapping-poc/demo-utility/ATCO/7L63/2025-11-03/7L63-547/7L63-547_A019_C001_1103QA_F009219.jpg","ATCO-7L63-547-A019_C001_1103QA-F009219","7L63-547|A019_C001_1103QA|9219|7L63-547_A019_C001_1103QA_F009219.jpg","POC_Image_Manifest.csv","97"
"7L63","7L63-547","2025-11-03","A019_C001_1103QA","9246","7L63-547_A019_C001_1103QA_F009246.jpg","D:\ATCO Demo\ATCO_POC_STRUCTURE_EXPORTS\7L63\7L63-547\7L63-547_A019_C001_1103QA_F009246.jpg","8763","10598","HIGH","POC_SELECTED","Selected for ATCO 7L63 POC; uploaded to S3","true","asset-mapping-poc/demo-utility/ATCO/7L63/2025-11-03/7L63-547/7L63-547_A019_C001_1103QA_F009246.jpg","ATCO-7L63-547-A019_C001_1103QA-F009246","7L63-547|A019_C001_1103QA|9246|7L63-547_A019_C001_1103QA_F009246.jpg","POC_Image_Manifest.csv","98"
"7L63","7L63-547","2025-11-03","A019_C001_1103QA","9295","7L63-547_A019_C001_1103QA_F009295.jpg","D:\ATCO Demo\ATCO_POC_STRUCTURE_EXPORTS\7L63\7L63-547\7L63-547_A019_C001_1103QA_F009295.jpg","8763","10598","HIGH","POC_SELECTED","Selected for ATCO 7L63 POC; uploaded to S3","true","asset-mapping-poc/demo-utility/ATCO/7L63/2025-11-03/7L63-547/7L63-547_A019_C001_1103QA_F009295.jpg","ATCO-7L63-547-A019_C001_1103QA-F009295","7L63-547|A019_C001_1103QA|9295|7L63-547_A019_C001_1103QA_F009295.jpg","POC_Image_Manifest.csv","99"
"7L63","7L63-547","2025-11-03","A019_C001_1103QA","9609","7L63-547_A019_C001_1103QA_F009609.jpg","D:\ATCO Demo\ATCO_POC_STRUCTURE_EXPORTS\7L63\7L63-547\7L63-547_A019_C001_1103QA_F009609.jpg","8763","10598","HIGH","POC_SELECTED","Selected for ATCO 7L63 POC; uploaded to S3","true","asset-mapping-poc/demo-utility/ATCO/7L63/2025-11-03/7L63-547/7L63-547_A019_C001_1103QA_F009609.jpg","ATCO-7L63-547-A019_C001_1103QA-F009609","7L63-547|A019_C001_1103QA|9609|7L63-547_A019_C001_1103QA_F009609.jpg","POC_Image_Manifest.csv","100"
"7L63","7L63-547","2025-11-03","A019_C001_1103QA","9816","7L63-547_A019_C001_1103QA_F009816.jpg","D:\ATCO Demo\ATCO_POC_STRUCTURE_EXPORTS\7L63\7L63-547\7L63-547_A019_C001_1103QA_F009816.jpg","8763","10598","HIGH","POC_SELECTED","Selected for ATCO 7L63 POC; uploaded to S3","true","asset-mapping-poc/demo-utility/ATCO/7L63/2025-11-03/7L63-547/7L63-547_A019_C001_1103QA_F009816.jpg","ATCO-7L63-547-A019_C001_1103QA-F009816","7L63-547|A019_C001_1103QA|9816|7L63-547_A019_C001_1103QA_F009816.jpg","POC_Image_Manifest.csv","101"
"7L63","7L63-547","2025-11-03","A019_C001_1103QA","9912","7L63-547_A019_C001_1103QA_F009912.jpg","D:\ATCO Demo\ATCO_POC_STRUCTURE_EXPORTS\7L63\7L63-547\7L63-547_A019_C001_1103QA_F009912.jpg","8763","10598","HIGH","POC_SELECTED","Selected for ATCO 7L63 POC; uploaded to S3","true","asset-mapping-poc/demo-utility/ATCO/7L63/2025-11-03/7L63-547/7L63-547_A019_C001_1103QA_F009912.jpg","ATCO-7L63-547-A019_C001_1103QA-F009912","7L63-547|A019_C001_1103QA|9912|7L63-547_A019_C001_1103QA_F009912.jpg","POC_Image_Manifest.csv","102"
"7L63","7L63-547","2025-11-03","A019_C001_1103QA","9928","7L63-547_A019_C001_1103QA_F009928.jpg","D:\ATCO Demo\ATCO_POC_STRUCTURE_EXPORTS\7L63\7L63-547\7L63-547_A019_C001_1103QA_F009928.jpg","8763","10598","HIGH","POC_SELECTED","Selected for ATCO 7L63 POC; uploaded to S3","true","asset-mapping-poc/demo-utility/ATCO/7L63/2025-11-03/7L63-547/7L63-547_A019_C001_1103QA_F009928.jpg","ATCO-7L63-547-A019_C001_1103QA-F009928","7L63-547|A019_C001_1103QA|9928|7L63-547_A019_C001_1103QA_F009928.jpg","POC_Image_Manifest.csv","103"
"7L63","7L63-547","2025-11-03","A019_C001_1103QA","9984","7L63-547_A019_C001_1103QA_F009984.jpg","D:\ATCO Demo\ATCO_POC_STRUCTURE_EXPORTS\7L63\7L63-547\7L63-547_A019_C001_1103QA_F009984.jpg","8763","10598","HIGH","POC_SELECTED","Selected for ATCO 7L63 POC; uploaded to S3","true","asset-mapping-poc/demo-utility/ATCO/7L63/2025-11-03/7L63-547/7L63-547_A019_C001_1103QA_F009984.jpg","ATCO-7L63-547-A019_C001_1103QA-F009984","7L63-547|A019_C001_1103QA|9984|7L63-547_A019_C001_1103QA_F009984.jpg","POC_Image_Manifest.csv","104"
"7L63","7L63-547","2025-11-03","A019_C001_1103QA","10019","7L63-547_A019_C001_1103QA_F010019.jpg","D:\ATCO Demo\ATCO_POC_STRUCTURE_EXPORTS\7L63\7L63-547\7L63-547_A019_C001_1103QA_F010019.jpg","8763","10598","HIGH","POC_SELECTED","Selected for ATCO 7L63 POC; uploaded to S3","true","asset-mapping-poc/demo-utility/ATCO/7L63/2025-11-03/7L63-547/7L63-547_A019_C001_1103QA_F010019.jpg","ATCO-7L63-547-A019_C001_1103QA-F010019","7L63-547|A019_C001_1103QA|10019|7L63-547_A019_C001_1103QA_F010019.jpg","POC_Image_Manifest.csv","105"
"7L63","7L63-547","2025-11-03","A019_C001_1103QA","10045","7L63-547_A019_C001_1103QA_F010045.jpg","D:\ATCO Demo\ATCO_POC_STRUCTURE_EXPORTS\7L63\7L63-547\7L63-547_A019_C001_1103QA_F010045.jpg","8763","10598","HIGH","POC_SELECTED","Selected for ATCO 7L63 POC; uploaded to S3","true","asset-mapping-poc/demo-utility/ATCO/7L63/2025-11-03/7L63-547/7L63-547_A019_C001_1103QA_F010045.jpg","ATCO-7L63-547-A019_C001_1103QA-F010045","7L63-547|A019_C001_1103QA|10045|7L63-547_A019_C001_1103QA_F010045.jpg","POC_Image_Manifest.csv","106"
"7L63","7L63-547","2025-11-03","A019_C001_1103QA","10117","7L63-547_A019_C001_1103QA_F010117.jpg","D:\ATCO Demo\ATCO_POC_STRUCTURE_EXPORTS\7L63\7L63-547\7L63-547_A019_C001_1103QA_F010117.jpg","8763","10598","HIGH","POC_SELECTED","Selected for ATCO 7L63 POC; uploaded to S3","true","asset-mapping-poc/demo-utility/ATCO/7L63/2025-11-03/7L63-547/7L63-547_A019_C001_1103QA_F010117.jpg","ATCO-7L63-547-A019_C001_1103QA-F010117","7L63-547|A019_C001_1103QA|10117|7L63-547_A019_C001_1103QA_F010117.jpg","POC_Image_Manifest.csv","107"
"7L63","7L63-547","2025-11-03","A019_C001_1103QA","10140","7L63-547_A019_C001_1103QA_F010140.jpg","D:\ATCO Demo\ATCO_POC_STRUCTURE_EXPORTS\7L63\7L63-547\7L63-547_A019_C001_1103QA_F010140.jpg","8763","10598","HIGH","POC_SELECTED","Selected for ATCO 7L63 POC; uploaded to S3","true","asset-mapping-poc/demo-utility/ATCO/7L63/2025-11-03/7L63-547/7L63-547_A019_C001_1103QA_F010140.jpg","ATCO-7L63-547-A019_C001_1103QA-F010140","7L63-547|A019_C001_1103QA|10140|7L63-547_A019_C001_1103QA_F010140.jpg","POC_Image_Manifest.csv","108"
"7L63","7L63-547","2025-11-03","A019_C001_1103QA","10153","7L63-547_A019_C001_1103QA_F010153.jpg","D:\ATCO Demo\ATCO_POC_STRUCTURE_EXPORTS\7L63\7L63-547\7L63-547_A019_C001_1103QA_F010153.jpg","8763","10598","HIGH","POC_SELECTED","Selected for ATCO 7L63 POC; uploaded to S3","true","asset-mapping-poc/demo-utility/ATCO/7L63/2025-11-03/7L63-547/7L63-547_A019_C001_1103QA_F010153.jpg","ATCO-7L63-547-A019_C001_1103QA-F010153","7L63-547|A019_C001_1103QA|10153|7L63-547_A019_C001_1103QA_F010153.jpg","POC_Image_Manifest.csv","109"
"7L63","7L63-547","2025-11-03","A019_C001_1103QA","10174","7L63-547_A019_C001_1103QA_F010174.jpg","D:\ATCO Demo\ATCO_POC_STRUCTURE_EXPORTS\7L63\7L63-547\7L63-547_A019_C001_1103QA_F010174.jpg","8763","10598","HIGH","POC_SELECTED","Selected for ATCO 7L63 POC; uploaded to S3","true","asset-mapping-poc/demo-utility/ATCO/7L63/2025-11-03/7L63-547/7L63-547_A019_C001_1103QA_F010174.jpg","ATCO-7L63-547-A019_C001_1103QA-F010174","7L63-547|A019_C001_1103QA|10174|7L63-547_A019_C001_1103QA_F010174.jpg","POC_Image_Manifest.csv","110"
"7L63","7L63-547","2025-11-03","A019_C001_1103QA","10236","7L63-547_A019_C001_1103QA_F010236.jpg","D:\ATCO Demo\ATCO_POC_STRUCTURE_EXPORTS\7L63\7L63-547\7L63-547_A019_C001_1103QA_F010236.jpg","8763","10598","HIGH","POC_SELECTED","Selected for ATCO 7L63 POC; uploaded to S3","true","asset-mapping-poc/demo-utility/ATCO/7L63/2025-11-03/7L63-547/7L63-547_A019_C001_1103QA_F010236.jpg","ATCO-7L63-547-A019_C001_1103QA-F010236","7L63-547|A019_C001_1103QA|10236|7L63-547_A019_C001_1103QA_F010236.jpg","POC_Image_Manifest.csv","111"
"7L63","7L63-547","2025-11-03","A019_C001_1103QA","10594","7L63-547_A019_C001_1103QA_F010594.jpg","D:\ATCO Demo\ATCO_POC_STRUCTURE_EXPORTS\7L63\7L63-547\7L63-547_A019_C001_1103QA_F010594.jpg","8763","10598","HIGH","POC_SELECTED","Selected for ATCO 7L63 POC; uploaded to S3","true","asset-mapping-poc/demo-utility/ATCO/7L63/2025-11-03/7L63-547/7L63-547_A019_C001_1103QA_F010594.jpg","ATCO-7L63-547-A019_C001_1103QA-F010594","7L63-547|A019_C001_1103QA|10594|7L63-547_A019_C001_1103QA_F010594.jpg","POC_Image_Manifest.csv","112"
