dataset_id,setup_id,panorama_file,x,y,z,placement_method,orientation_status,notes
MH_SUB_1,001,WINNIPEG- Setup 001.jpg,629710.3000005645,5526811.203000115,233.11599963378907,manual_3d,unknown,
MH_SUB_1,002,WINNIPEG- Setup 002.jpg,629709.6899999983,5526800.260000037,233.04000002097823,manual_3d,unknown,
MH_SUB_1,003,WINNIPEG- Setup 003.jpg,629709.981999994,5526790.417999943,233.0099999899838,manual_3d,unknown,
MH_SUB_1,004,WINNIPEG- Setup 004.jpg,629709.3319999475,5526782.669999998,233.0099999899838,manual_3d,unknown,
MH_SUB_1,005,WINNIPEG- Setup 005.jpg,629710.0959999866,5526773.902000058,232.82499998759963,manual_3d,unknown,
MH_SUB_1,006,WINNIPEG- Setup 006.jpg,629700.2239999963,5526773.027000058,232.79500001620985,manual_3d,unknown,
MH_SUB_1,007,WINNIPEG- Setup 007.jpg,629693.0480002327,5526772.036999968,232.72399991226197,manual_3d,unknown,
MH_SUB_1,008,WINNIPEG- Setup 008.jpg,629684.5029999942,5526773.5750000365,232.92599999856688,manual_3d,unknown,
MH_SUB_1,009,WINNIPEG- Setup 009.jpg,629676.6800000304,5526772.525000275,232.7490000076294,manual_3d,unknown,
MH_SUB_1,010,WINNIPEG- Setup 010.jpg,629674.4420000083,5526779.459000015,233.06600008201426,manual_3d,unknown,
MH_SUB_1,011,WINNIPEG- Setup 011.jpg,629677.2190000648,5526787.1899999315,233.54499953460694,manual_3d,unknown,
MH_SUB_1,012,WINNIPEG- Setup 012.jpg,629682.5060000534,5526786.820999978,233.27899998378493,manual_3d,unknown,
MH_SUB_1,013,WINNIPEG- Setup 013.jpg,629681.9440000171,5526795.174000009,233.48499999475175,manual_3d,unknown,
MH_SUB_1,014,WINNIPEG- Setup 014.jpg,629687.2239999503,5526801.54600005,233.49800000381296,manual_3d,unknown,
MH_SUB_1,015,WINNIPEG- Setup 015.jpg,629690.2289999885,5526812.594000008,233.7390000219319,manual_3d,unknown,
MH_SUB_1,016,WINNIPEG- Setup 016.jpg,629696.0769999619,5526814.061999973,233.57499990653818,manual_3d,unknown,
MH_SUB_1,017,WINNIPEG- Setup 017.jpg,629703.3319999999,5526813.348999871,233.41399996948243,manual_3d,unknown,
MH_SUB_1,038,WINNIPEG- Setup 038.jpg,629693.969000041,5526805.294999993,233.59500000905686,manual_3d,unknown,
MH_SUB_1,039,WINNIPEG- Setup 039.jpg,629694.0960000153,5526807.529000001,235.3840000243152,manual_3d,unknown,
MH_SUB_1,040,WINNIPEG- Setup 040.jpg,629694.8030000324,5526810.577999984,234.3620000476811,manual_3d,unknown,
MH_SUB_1,041,WINNIPEG- Setup 041.jpg,629697.6239999695,5526809.827000035,234.36100047302247,manual_3d,unknown,
MH_SUB_1,042,WINNIPEG- Setup 042.jpg,629696.7159999926,5526809.138999992,237.34899998974365,manual_3d,unknown,
MH_SUB_1,043,WINNIPEG- Setup 043.jpg,629687.8229998894,5526805.065000027,234.2939999694798,manual_3d,unknown,
MH_SUB_1,044,WINNIPEG- Setup 044.jpg,629685.8120000095,5526806.915000013,234.47100001525618,manual_3d,unknown,
MH_SUB_1,045,WINNIPEG- Setup 045.jpg,629684.9470000108,5526807.703999994,234.47999998998316,manual_3d,unknown,
MH_SUB_1,046,WINNIPEG- Setup 046.jpg,629683.9880000085,5526808.539999994,234.48499998521478,manual_3d,unknown,
MH_SUB_1,050,WINNIPEG- Setup 050.jpg,629685.3980000158,5526805.129,234.47700003814393,manual_3d,unknown,
MH_SUB_1,051,WINNIPEG- Setup 051.jpg,629684.4420000047,5526805.879,234.47900001239472,manual_3d,unknown,
MH_SUB_1,052,WINNIPEG- Setup 052.jpg,629683.3049999899,5526806.149,234.48599997234018,manual_3d,unknown,
MH_SUB_1,053,WINNIPEG- Setup 053.jpg,629681.8190002746,5526807.244999932,234.70599978637696,manual_3d,unknown,
MH_SUB_1,054,WINNIPEG- Setup 054.jpg,629680.5990000267,5526805.7520000255,234.48799997520186,manual_3d,unknown,
MH_SUB_1,055,WINNIPEG- Setup 055.jpg,629679.3069999714,5526803.959000002,234.48700002860718,manual_3d,unknown,
